ID,Code,Residential - Tariff allocation,Residential - stimulus allocation,SME allocation
1000,3,,,
1001,3,,,
1002,1,E,E,
1003,1,A,4,
1004,1,A,2,
1005,1,D,4,
1006,1,C,3,
1007,3,,,
1008,1,D,1,
1009,1,A,2,
1010,3,,,
1011,3,,,
1012,3,,,
1013,1,D,4,
1014,1,E,E,
1015,1,C,3,
1016,1,B,2,
1017,3,,,
1018,1,E,E,
1019,3,,,
1020,1,B,4,
1021,2,,,C
1022,1,E,E,
1023,2,,,2
1024,1,C,2,
1025,1,C,1,
1026,2,,,3
1027,1,E,E,
1028,2,,,C
1029,3,,,
1030,1,E,E,
1031,3,,,
1032,3,,,
1033,1,A,3,
1034,1,C,1,
1035,1,E,E,
1036,1,E,E,
1037,1,A,4,
1038,3,,,
1039,1,D,2,
1040,3,,,
1041,1,C,3,
1042,1,B,4,
1043,3,,,
1044,1,B,2,
1045,1,A,2,
1046,3,,,
1047,1,C,4,
1048,3,,,
1049,3,,,
1050,2,,,3
1051,3,,,
1052,1,D,3,
1053,1,A,1,
1054,1,C,4,
1055,1,C,3,
1056,2,,,C
1057,1,A,2,
1058,1,E,E,
1059,1,E,E,
1060,1,E,E,
1061,1,C,1,
1062,1,A,2,
1063,3,,,
1064,1,A,1,
1065,1,C,3,
1066,3,,,
1067,1,A,4,
1068,1,W,W,
1069,1,C,1,
1070,3,,,
1071,1,D,4,
1072,3,,,
1073,1,E,E,
1074,1,E,E,
1075,1,B,3,
1076,1,E,E,
1077,1,B,3,
1078,1,A,2,
1079,1,B,3,
1080,1,C,4,
1081,1,A,4,
1082,1,A,1,
1083,1,A,3,
1084,1,C,3,
1085,1,C,3,
1086,1,C,2,
1087,3,,,
1088,1,C,2,
1089,3,,,
1090,3,,,
1091,1,A,1,
1092,3,,,
1093,1,A,2,
1094,1,C,3,
1095,1,C,2,
1096,1,A,2,
1097,3,,,
1098,3,,,
1099,1,A,4,
1100,3,,,
1101,2,,,4
1102,1,A,1,
1103,3,,,
1104,3,,,
1105,1,D,3,
1106,3,,,
1107,1,E,E,
1108,1,D,4,
1109,1,D,4,
1110,1,C,1,
1111,3,,,
1112,1,b,3,
1113,3,,,
1114,3,,,
1115,1,A,3,
1116,3,,,
1117,3,,,
1118,3,,,
1119,1,E,E,
1120,1,E,E,
1121,1,C,3,
1122,1,D,3,
1123,1,D,4,
1124,1,C,1,
1125,3,,,
1126,1,C,2,
1127,3,,,
1128,3,,,
1129,3,,,
1130,1,E,E,
1131,3,,,
1132,1,A,3,
1133,1,A,1,
1134,1,A,2,
1135,3,,,
1136,1,B,3,
1137,2,,,4
1138,1,B,1,
1139,1,C,3,
1140,1,A,3,
1141,1,E,E,
1142,2,,,2
1143,1,C,2,
1144,1,E,E,
1145,2,,,1
1146,2,,,C
1147,1,D,2,
1148,1,B,1,
1149,3,,,
1150,3,,,
1151,3,,,
1152,1,C,4,
1153,1,B,4,
1154,3,,,
1155,1,B,4,
1156,1,D,2,
1157,1,E,E,
1158,3,,,
1159,1,C,2,
1160,1,A,3,
1161,1,A,2,
1162,3,,,
1163,3,,,
1164,1,E,E,
1165,1,C,3,
1166,1,C,2,
1167,3,,,
1168,1,D,1,
1169,1,A,1,
1170,1,D,1,
1171,1,E,E,
1172,2,,,C
1173,3,,,
1174,1,C,3,
1175,2,,,1
1176,1,E,E,
1177,2,,,4
1178,1,C,4,
1179,1,E,E,
1180,1,C,3,
1181,2,,,C
1182,1,C,3,
1183,1,A,3,
1184,1,A,4,
1185,1,C,1,
1186,3,,,
1187,3,,,
1188,3,,,
1189,3,,,
1190,3,,,
1191,1,C,4,
1192,3,,,
1193,3,,,
1194,3,,,
1195,3,,,
1196,1,B,2,
1197,1,C,2,
1198,1,A,2,
1199,1,B,2,
1200,1,B,3,
1201,1,C,1,
1202,1,C,2,
1203,1,C,3,
1204,3,,,
1205,3,,,
1206,3,,,
1207,1,E,E,
1208,3,,,
1209,3,,,
1210,1,A,2,
1211,3,,,
1212,1,E,E,
1213,3,,,
1214,1,D,2,
1215,3,,,
1216,3,,,
1217,1,E,E,
1218,3,,,
1219,1,B,4,
1220,1,A,4,
1221,3,,,
1222,1,A,4,
1223,3,,,
1224,1,W,W,
1225,1,E,E,
1226,3,,,
1227,1,B,3,
1228,2,,,C
1229,1,E,E,
1230,1,A,4,
1231,1,C,1,
1232,1,B,3,
1233,1,C,4,
1234,1,D,2,
1235,1,A,2,
1236,1,B,4,
1237,3,,,
1238,1,B,3,
1239,1,E,E,
1240,1,E,E,
1241,1,D,4,
1242,3,,,
1243,3,,,
1244,1,C,4,
1245,3,,,
1246,1,E,E,
1247,1,A,4,
1248,3,,,
1249,3,,,
1250,1,C,4,
1251,1,A,1,
1252,3,,,
1253,3,,,
1254,2,,,4
1255,1,E,E,
1256,3,,,
1257,1,E,E,
1258,2,,,2
1259,3,,,
1260,1,C,1,
1261,3,,,
1262,1,E,E,
1263,1,A,2,
1264,1,C,4,
1265,1,A,2,
1266,1,D,1,
1267,1,C,2,
1268,1,E,E,
1269,1,A,3,
1270,1,C,2,
1271,1,C,4,
1272,3,,,
1273,1,A,3,
1274,1,E,E,
1275,3,,,
1276,1,A,4,
1277,1,E,E,
1278,1,A,2,
1279,1,C,4,
1280,1,A,1,
1281,1,E,E,
1282,3,,,
1283,1,C,4,
1284,1,A,1,
1285,2,,,4
1286,1,E,E,
1287,2,,,2
1288,1,A,1,
1289,3,,,
1290,3,,,
1291,1,B,3,
1292,3,,,
1293,1,D,2,
1294,1,E,E,
1295,1,A,1,
1296,1,D,1,
1297,3,,,
1298,3,,,
1299,1,B,2,
1300,1,A,2,
1301,1,E,E,
1302,1,A,4,
1303,1,A,3,
1304,3,,,
1305,1,C,4,
1306,3,,,
1307,2,,,2
1308,3,,,
1309,1,C,4,
1310,3,,,
1311,3,,,
1312,1,E,E,
1313,3,,,
1314,3,,,
1315,1,C,3,
1316,1,E,E,
1317,1,E,E,
1318,3,,,
1319,1,C,2,
1320,3,,,
1321,1,C,2,
1322,1,A,3,
1323,1,B,2,
1324,1,D,3,
1325,1,A,4,
1326,3,,,
1327,3,,,
1328,1,D,2,
1329,1,C,1,
1330,3,,,
1331,1,E,E,
1332,3,,,
1333,2,,,4
1334,1,C,2,
1335,3,,,
1336,1,E,E,
1337,1,B,2,
1338,1,C,3,
1339,1,C,3,
1340,1,C,1,
1341,1,B,2,
1342,1,A,4,
1343,1,C,1,
1344,3,,,
1345,2,,,C
1346,1,C,3,
1347,1,C,1,
1348,1,A,3,
1349,1,C,3,
1350,1,D,2,
1351,1,C,4,
1352,3,,,
1353,1,C,4,
1354,1,E,E,
1355,1,A,3,
1356,2,,,C
1357,3,,,
1358,3,,,
1359,1,A,4,
1360,1,C,1,
1361,1,C,2,
1362,1,C,3,
1363,3,,,
1364,1,E,E,
1365,1,E,E,
1366,1,B,3,
1367,3,,,
1368,1,C,4,
1369,2,,,3
1370,2,,,C
1371,1,E,E,
1372,1,A,3,
1373,1,A,4,
1374,1,C,3,
1375,3,,,
1376,1,E,E,
1377,3,,,
1378,3,,,
1379,1,E,E,
1380,1,C,3,
1381,1,C,1,
1382,1,D,4,
1383,3,,,
1384,1,D,2,
1385,1,C,3,
1386,2,,,4
1387,1,B,2,
1388,1,E,E,
1389,1,C,4,
1390,1,D,3,
1391,2,,,2
1392,3,,,
1393,3,,,
1394,3,,,
1395,3,,,
1396,3,,,
1397,3,,,
1398,1,C,2,
1399,1,C,4,
1400,2,,,C
1401,2,,,C
1402,1,A,3,
1403,1,C,4,
1404,1,C,4,
1405,1,B,3,
1406,1,A,2,
1407,1,D,3,
1408,3,,,
1409,3,,,
1410,1,C,3,
1411,2,,,4
1412,3,,,
1413,1,D,3,
1414,2,,,4
1415,2,,,3
1416,1,C,1,
1417,3,,,
1418,1,D,1,
1419,3,,,
1420,1,D,4,
1421,1,A,1,
1422,3,,,
1423,3,,,
1424,3,,,
1425,1,E,E,
1426,1,C,2,
1427,2,,,4
1428,1,E,E,
1429,1,C,3,
1430,1,C,1,
1431,1,C,1,
1432,1,C,4,
1433,3,,,
1434,3,,,
1435,1,E,E,
1436,1,C,4,
1437,3,,,
1438,1,A,1,
1439,2,,,C
1440,1,E,E,
1441,1,A,2,
1442,3,,,
1443,2,,,C
1444,1,C,4,
1445,3,,,
1446,1,B,4,
1447,3,,,
1448,3,,,
1449,3,,,
1450,3,,,
1451,1,C,2,
1452,1,C,2,
1453,1,C,2,
1454,3,,,
1455,3,,,
1456,2,,,4
1457,2,,,C
1458,1,A,2,
1459,1,D,4,
1460,1,B,4,
1461,1,A,2,
1462,1,C,1,
1463,1,E,E,
1464,1,A,3,
1465,2,,,4
1466,1,E,E,
1467,3,,,
1468,1,D,2,
1469,1,C,2,
1470,3,,,
1471,1,B,3,
1472,1,D,4,
1473,1,C,2,
1474,3,,,
1475,1,A,1,
1476,1,C,1,
1477,3,,,
1478,2,,,C
1479,1,D,2,
1480,1,E,E,
1481,1,C,3,
1482,1,D,2,
1483,3,,,
1484,1,C,3,
1485,1,B,2,
1486,1,C,2,
1487,1,D,4,
1488,1,D,4,
1489,3,,,
1490,3,,,
1491,1,A,3,
1492,1,E,E,
1493,1,A,2,
1494,1,E,E,
1495,1,D,2,
1496,3,,,
1497,1,A,3,
1498,1,E,E,
1499,1,D,1,
1500,1,A,4,
1501,1,D,2,
1502,1,E,E,
1503,2,,,C
1504,3,,,
1505,1,E,E,
1506,1,B,1,
1507,1,E,E,
1508,3,,,
1509,3,,,
1510,1,C,1,
1511,3,,,
1512,1,A,1,
1513,3,,,
1514,1,C,3,
1515,1,C,4,
1516,1,C,1,
1517,1,E,E,
1518,3,,,
1519,3,,,
1520,3,,,
1521,1,D,1,
1522,3,,,
1523,1,A,3,
1524,2,,,C
1525,2,,,C
1526,1,A,2,
1527,1,A,2,
1528,1,B,4,
1529,1,A,4,
1530,1,E,E,
1531,1,C,2,
1532,1,E,E,
1533,1,D,1,
1534,1,C,2,
1535,1,A,3,
1536,1,C,1,
1537,1,E,E,
1538,3,,,
1539,1,E,E,
1540,1,W,W,
1541,1,C,3,
1542,1,C,4,
1543,3,,,
1544,3,,,
1545,1,C,1,
1546,1,E,E,
1547,3,,,
1548,1,E,E,
1549,1,C,4,
1550,1,A,2,
1551,1,E,E,
1552,3,,,
1553,3,,,
1554,3,,,
1555,1,D,2,
1556,1,C,1,
1557,1,W,W,
1558,1,C,4,
1559,1,C,4,
1560,3,,,
1561,1,E,E,
1562,3,,,
1563,3,,,
1564,1,E,E,
1565,1,A,4,
1566,1,A,1,
1567,1,E,E,
1568,3,,,
1569,1,D,1,
1570,3,,,
1571,1,D,1,
1572,3,,,
1573,1,E,E,
1574,3,,,
1575,1,E,E,
1576,1,A,1,
1577,1,C,3,
1578,3,,,
1579,3,,,
1580,1,C,4,
1581,1,C,1,
1582,1,A,4,
1583,2,,,C
1584,1,C,4,
1585,2,,,1
1586,1,A,2,
1587,1,B,4,
1588,1,A,4,
1589,3,,,
1590,1,A,4,
1591,1,A,3,
1592,1,E,E,
1593,3,,,
1594,1,C,2,
1595,3,,,
1596,1,B,4,
1597,3,,,
1598,1,B,2,
1599,1,E,E,
1600,1,A,3,
1601,3,,,
1602,2,,,C
1603,1,W,W,
1604,1,E,E,
1605,3,,,
1606,1,W,W,
1607,1,E,E,
1608,1,C,2,
1609,1,E,E,
1610,1,A,3,
1611,1,D,2,
1612,1,B,2,
1613,1,D,3,
1614,3,,,
1615,1,A,4,
1616,3,,,
1617,2,,,C
1618,1,A,3,
1619,1,A,4,
1620,3,,,
1621,3,,,
1622,3,,,
1623,3,,,
1624,1,E,E,
1625,1,A,2,
1626,1,D,4,
1627,1,A,3,
1628,1,A,1,
1629,3,,,
1630,1,C,2,
1631,3,,,
1632,1,D,2,
1633,1,B,3,
1634,1,B,4,
1635,1,E,E,
1636,3,,,
1637,2,,,4
1638,3,,,
1639,1,E,E,
1640,1,B,4,
1641,3,,,
1642,1,C,1,
1643,1,B,1,
1644,1,A,4,
1645,1,C,1,
1646,1,A,3,
1647,1,A,3,
1648,1,A,2,
1649,2,,,2
1650,1,E,E,
1651,2,,,C
1652,1,A,3,
1653,3,,,
1654,1,C,3,
1655,2,,,2
1656,1,C,3,
1657,1,E,E,
1658,1,A,2,
1659,3,,,
1660,1,E,E,
1661,1,E,E,
1662,3,,,
1663,3,,,
1664,1,E,E,
1665,1,E,E,
1666,1,E,E,
1667,1,E,E,
1668,1,C,3,
1669,1,B,1,
1670,1,E,E,
1671,1,C,2,
1672,1,C,1,
1673,1,E,E,
1674,1,C,3,
1675,1,E,E,
1676,1,C,1,
1677,1,E,E,
1678,3,,,
1679,1,E,E,
1680,1,A,3,
1681,3,,,
1682,1,E,E,
1683,2,,,C
1684,1,B,2,
1685,2,,,C
1686,3,,,
1687,3,,,
1688,2,,,4
1689,1,C,1,
1690,1,A,4,
1691,1,A,1,
1692,1,C,4,
1693,2,,,4
1694,1,A,4,
1695,1,E,E,
1696,3,,,
1697,1,C,3,
1698,1,A,4,
1699,3,,,
1700,1,E,E,
1701,1,A,3,
1702,3,,,
1703,3,,,
1704,1,B,1,
1705,3,,,
1706,1,D,1,
1707,1,A,2,
1708,1,B,1,
1709,1,A,1,
1710,1,C,3,
1711,1,E,E,
1712,1,B,2,
1713,2,,,4
1714,3,,,
1715,1,B,4,
1716,1,E,E,
1717,1,D,1,
1718,1,D,3,
1719,2,,,1
1720,1,E,E,
1721,3,,,
1722,1,E,E,
1723,2,,,4
1724,1,E,E,
1725,1,C,3,
1726,3,,,
1727,1,E,E,
1728,1,A,3,
1729,1,C,2,
1730,1,C,1,
1731,1,A,4,
1732,2,,,C
1733,1,B,4,
1734,1,C,1,
1735,1,D,2,
1736,1,E,E,
1737,2,,,3
1738,3,,,
1739,3,,,
1740,1,C,3,
1741,1,D,1,
1742,1,E,E,
1743,2,,,3
1744,1,B,3,
1745,3,,,
1746,3,,,
1747,1,A,2,
1748,3,,,
1749,1,W,W,
1750,1,C,1,
1751,1,A,4,
1752,1,E,E,
1753,1,b,3,
1754,1,E,E,
1755,3,,,
1756,3,,,
1757,1,D,1,
1758,1,A,1,
1759,3,,,
1760,1,E,E,
1761,1,B,3,
1762,1,C,3,
1763,1,E,E,
1764,1,D,1,
1765,1,E,E,
1766,1,C,1,
1767,1,C,4,
1768,1,E,E,
1769,1,C,3,
1770,1,D,1,
1771,3,,,
1772,3,,,
1773,3,,,
1774,1,B,4,
1775,1,A,3,
1776,1,A,1,
1777,1,C,4,
1778,1,D,1,
1779,1,B,4,
1780,1,D,3,
1781,3,,,
1782,1,C,3,
1783,3,,,
1784,3,,,
1785,3,,,
1786,1,D,1,
1787,3,,,
1788,1,A,4,
1789,1,E,E,
1790,1,C,3,
1791,1,B,4,
1792,3,,,
1793,1,A,1,
1794,1,B,4,
1795,1,C,2,
1796,1,A,3,
1797,1,E,E,
1798,1,C,2,
1799,3,,,
1800,3,,,
1801,1,C,4,
1802,1,A,4,
1803,2,,,2
1804,1,E,E,
1805,3,,,
1806,2,,,4
1807,1,E,E,
1808,1,E,E,
1809,1,E,E,
1810,1,B,2,
1811,1,D,1,
1812,1,B,3,
1813,3,,,
1814,1,C,1,
1815,1,C,2,
1816,1,B,2,
1817,1,C,4,
1818,1,A,1,
1819,1,A,3,
1820,1,A,3,
1821,1,D,3,
1822,3,,,
1823,1,D,3,
1824,3,,,
1825,3,,,
1826,3,,,
1827,3,,,
1828,1,C,1,
1829,1,A,2,
1830,3,,,
1831,1,E,E,
1832,1,A,2,
1833,2,,,1
1834,1,B,3,
1835,1,C,3,
1836,1,C,3,
1837,1,C,1,
1838,3,,,
1839,3,,,
1840,1,E,E,
1841,3,,,
1842,1,E,E,
1843,1,E,E,
1844,1,E,E,
1845,1,B,3,
1846,1,C,4,
1847,1,A,2,
1848,1,A,2,
1849,3,,,
1850,1,B,3,
1851,3,,,
1852,1,D,2,
1853,2,,,2
1854,1,E,E,
1855,1,b,3,
1856,3,,,
1857,1,D,2,
1858,1,C,2,
1859,1,E,E,
1860,1,A,3,
1861,1,E,E,
1862,1,C,1,
1863,1,A,2,
1864,3,,,
1865,1,C,4,
1866,3,,,
1867,1,B,4,
1868,3,,,
1869,1,D,2,
1870,1,B,4,
1871,3,,,
1872,1,C,2,
1873,2,,,C
1874,1,E,E,
1875,1,A,4,
1876,1,A,4,
1877,1,E,E,
1878,1,C,3,
1879,1,A,1,
1880,1,C,2,
1881,1,A,3,
1882,1,A,1,
1883,1,E,E,
1884,1,E,E,
1885,1,E,E,
1886,1,C,2,
1887,1,E,E,
1888,1,D,4,
1889,1,E,E,
1890,1,E,E,
1891,1,A,1,
1892,1,W,W,
1893,1,C,2,
1894,1,E,E,
1895,1,C,4,
1896,1,D,4,
1897,3,,,
1898,1,B,3,
1899,3,,,
1900,1,D,1,
1901,3,,,
1902,3,,,
1903,1,E,E,
1904,1,A,3,
1905,1,E,E,
1906,1,E,E,
1907,1,C,1,
1908,3,,,
1909,1,C,3,
1910,1,B,2,
1911,3,,,
1912,1,D,3,
1913,3,,,
1914,1,A,4,
1915,3,,,
1916,1,C,1,
1917,1,E,E,
1918,1,A,3,
1919,1,A,1,
1920,2,,,C
1921,1,A,1,
1922,1,E,E,
1923,1,C,1,
1924,3,,,
1925,3,,,
1926,1,A,4,
1927,1,A,2,
1928,3,,,
1929,1,B,3,
1930,3,,,
1931,1,C,1,
1932,1,B,4,
1933,1,A,1,
1934,1,C,1,
1935,1,C,3,
1936,1,D,1,
1937,3,,,
1938,1,B,2,
1939,1,A,1,
1940,3,,,
1941,1,A,1,
1942,1,E,E,
1943,3,,,
1944,3,,,
1945,2,,,1
1946,1,A,4,
1947,1,C,4,
1948,1,E,E,
1949,1,A,3,
1950,1,A,4,
1951,1,A,1,
1952,3,,,
1953,1,E,E,
1954,1,E,E,
1955,1,B,2,
1956,3,,,
1957,3,,,
1958,3,,,
1959,1,C,4,
1960,3,,,
1961,2,,,3
1962,1,A,3,
1963,3,,,
1964,1,E,E,
1965,3,,,
1966,1,A,4,
1967,3,,,
1968,3,,,
1969,1,E,E,
1970,1,C,1,
1971,1,A,1,
1972,1,C,2,
1973,3,,,
1974,3,,,
1975,1,E,E,
1976,2,,,3
1977,1,A,4,
1978,3,,,
1979,1,C,4,
1980,1,B,2,
1981,1,C,4,
1982,1,A,4,
1983,1,A,4,
1984,1,E,E,
1985,3,,,
1986,1,B,2,
1987,1,A,3,
1988,3,,,
1989,1,E,E,
1990,1,C,2,
1991,1,D,2,
1992,1,D,2,
1993,1,C,2,
1994,1,C,3,
1995,2,,,C
1996,1,C,4,
1997,1,C,4,
1998,3,,,
1999,3,,,
2000,1,D,2,
2001,1,D,4,
2002,2,,,C
2003,1,E,E,
2004,1,A,3,
2005,1,C,4,
2006,1,C,3,
2007,1,A,3,
2008,1,B,4,
2009,1,B,4,
2010,1,C,3,
2011,1,A,1,
2012,1,C,2,
2013,1,C,1,
2014,3,,,
2015,2,,,C
2016,3,,,
2017,1,A,3,
2018,1,E,E,
2019,1,C,2,
2020,3,,,
2021,1,C,3,
2022,1,E,E,
2023,1,E,E,
2024,2,,,2
2025,1,B,1,
2026,3,,,
2027,1,A,4,
2028,1,C,1,
2029,1,E,E,
2030,1,A,1,
2031,3,,,
2032,1,D,3,
2033,1,E,E,
2034,1,B,1,
2035,1,C,3,
2036,1,E,E,
2037,1,C,2,
2038,3,,,
2039,1,A,3,
2040,1,C,3,
2041,1,E,E,
2042,1,D,4,
2043,3,,,
2044,3,,,
2045,1,C,1,
2046,1,E,E,
2047,1,B,1,
2048,3,,,
2049,1,E,E,
2050,1,B,1,
2051,3,,,
2052,1,C,4,
2053,1,C,4,
2054,1,A,2,
2055,1,E,E,
2056,1,C,2,
2057,1,C,2,
2058,1,D,4,
2059,1,A,2,
2060,3,,,
2061,1,C,2,
2062,1,B,4,
2063,3,,,
2064,3,,,
2065,1,E,E,
2066,3,,,
2067,1,C,1,
2068,3,,,
2069,1,W,W,
2070,1,C,1,
2071,1,C,4,
2072,1,C,4,
2073,1,A,2,
2074,3,,,
2075,3,,,
2076,1,D,1,
2077,1,A,1,
2078,1,A,2,
2079,2,,,C
2080,1,E,E,
2081,1,D,1,
2082,2,,,1
2083,3,,,
2084,1,A,4,
2085,1,A,1,
2086,1,A,2,
2087,1,C,4,
2088,3,,,
2089,3,,,
2090,1,C,1,
2091,1,C,3,
2092,1,C,1,
2093,3,,,
2094,2,,,C
2095,1,E,E,
2096,1,C,2,
2097,2,,,1
2098,1,W,W,
2099,1,E,E,
2100,2,,,1
2101,3,,,
2102,2,,,2
2103,1,E,E,
2104,1,E,E,
2105,1,E,E,
2106,1,E,E,
2107,2,,,4
2108,1,A,3,
2109,1,E,E,
2110,1,E,E,
2111,2,,,1
2112,1,B,4,
2113,1,A,4,
2114,1,A,2,
2115,1,C,3,
2116,1,A,3,
2117,1,D,2,
2118,1,B,1,
2119,1,A,3,
2120,3,,,
2121,1,E,E,
2122,3,,,
2123,1,A,1,
2124,1,D,4,
2125,2,,,C
2126,1,C,1,
2127,3,,,
2128,3,,,
2129,1,A,3,
2130,3,,,
2131,1,C,2,
2132,3,,,
2133,1,A,1,
2134,3,,,
2135,1,C,4,
2136,3,,,
2137,3,,,
2138,1,C,3,
2139,3,,,
2140,1,E,E,
2141,1,B,1,
2142,3,,,
2143,1,B,4,
2144,1,E,E,
2145,3,,,
2146,1,B,4,
2147,1,A,4,
2148,1,C,3,
2149,1,E,E,
2150,3,,,
2151,1,B,3,
2152,1,D,3,
2153,3,,,
2154,1,D,2,
2155,3,,,
2156,1,C,3,
2157,1,C,3,
2158,1,C,4,
2159,1,C,4,
2160,1,E,E,
2161,1,A,2,
2162,3,,,
2163,1,C,4,
2164,1,A,2,
2165,3,,,
2166,1,C,2,
2167,1,C,4,
2168,1,C,3,
2169,1,C,4,
2170,3,,,
2171,3,,,
2172,1,C,2,
2173,3,,,
2174,2,,,1
2175,2,,,C
2176,1,B,1,
2177,3,,,
2178,3,,,
2179,3,,,
2180,1,A,4,
2181,1,C,2,
2182,1,A,4,
2183,1,C,2,
2184,1,C,2,
2185,1,E,E,
2186,3,,,
2187,1,A,3,
2188,1,D,4,
2189,1,C,1,
2190,3,,,
2191,1,C,2,
2192,1,C,4,
2193,1,A,1,
2194,1,E,E,
2195,3,,,
2196,1,E,E,
2197,1,C,2,
2198,3,,,
2199,1,C,4,
2200,2,,,3
2201,3,,,
2202,1,C,1,
2203,1,A,2,
2204,3,,,
2205,1,A,3,
2206,1,A,3,
2207,1,A,3,
2208,1,D,4,
2209,1,C,2,
2210,3,,,
2211,1,B,3,
2212,3,,,
2213,1,C,4,
2214,3,,,
2215,1,B,3,
2216,2,,,4
2217,1,C,3,
2218,1,A,2,
2219,1,A,2,
2220,2,,,3
2221,1,C,2,
2222,1,C,1,
2223,1,A,4,
2224,1,W,W,
2225,3,,,
2226,1,A,3,
2227,3,,,
2228,1,B,2,
2229,1,A,3,
2230,1,C,4,
2231,1,E,E,
2232,1,C,4,
2233,1,C,1,
2234,3,,,
2235,1,E,E,
2236,1,B,2,
2237,3,,,
2238,1,E,E,
2239,1,D,4,
2240,1,A,1,
2241,1,B,4,
2242,2,,,3
2243,1,C,2,
2244,3,,,
2245,1,A,2,
2246,3,,,
2247,1,A,2,
2248,1,A,1,
2249,1,B,2,
2250,1,A,1,
2251,3,,,
2252,3,,,
2253,1,B,4,
2254,1,C,4,
2255,1,C,2,
2256,1,A,3,
2257,1,C,1,
2258,1,B,1,
2259,1,E,E,
2260,1,E,E,
2261,2,,,2
2262,3,,,
2263,1,E,E,
2264,1,E,E,
2265,1,E,E,
2266,3,,,
2267,1,W,W,
2268,1,E,E,
2269,2,,,C
2270,1,A,3,
2271,1,C,2,
2272,2,,,C
2273,3,,,
2274,3,,,
2275,1,C,2,
2276,1,A,4,
2277,2,,,4
2278,1,E,E,
2279,3,,,
2280,3,,,
2281,1,A,3,
2282,1,A,3,
2283,1,D,3,
2284,1,A,1,
2285,1,B,1,
2286,2,,,C
2287,3,,,
2288,1,C,2,
2289,1,E,E,
2290,3,,,
2291,3,,,
2292,1,A,4,
2293,1,E,E,
2294,1,W,W,
2295,1,B,1,
2296,1,C,4,
2297,1,B,2,
2298,3,,,
2299,1,D,2,
2300,1,A,3,
2301,1,C,2,
2302,1,A,2,
2303,1,A,1,
2304,1,C,3,
2305,2,,,3
2306,3,,,
2307,1,A,3,
2308,1,C,3,
2309,1,A,2,
2310,3,,,
2311,3,,,
2312,1,E,E,
2313,1,C,2,
2314,1,E,E,
2315,1,C,1,
2316,3,,,
2317,3,,,
2318,1,A,3,
2319,1,A,1,
2320,1,D,4,
2321,1,C,2,
2322,3,,,
2323,1,A,3,
2324,1,D,4,
2325,3,,,
2326,3,,,
2327,1,A,4,
2328,1,A,3,
2329,3,,,
2330,3,,,
2331,1,E,E,
2332,1,A,4,
2333,1,B,4,
2334,1,C,3,
2335,1,A,3,
2336,3,,,
2337,1,A,1,
2338,1,D,1,
2339,3,,,
2340,3,,,
2341,3,,,
2342,3,,,
2343,3,,,
2344,1,B,2,
2345,1,E,E,
2346,1,A,1,
2347,1,E,E,
2348,1,A,4,
2349,1,E,E,
2350,3,,,
2351,2,,,C
2352,3,,,
2353,1,D,4,
2354,1,E,E,
2355,1,C,4,
2356,1,A,3,
2357,1,C,3,
2358,1,A,3,
2359,1,A,3,
2360,1,A,4,
2361,3,,,
2362,3,,,
2363,3,,,
2364,3,,,
2365,3,,,
2366,3,,,
2367,1,A,1,
2368,3,,,
2369,1,A,3,
2370,1,E,E,
2371,1,A,1,
2372,2,,,C
2373,1,A,1,
2374,1,A,2,
2375,1,C,3,
2376,2,,,C
2377,1,E,E,
2378,3,,,
2379,1,C,1,
2380,3,,,
2381,1,E,E,
2382,1,A,2,
2383,1,B,2,
2384,3,,,
2385,3,,,
2386,2,,,C
2387,1,E,E,
2388,1,W,W,
2389,1,D,2,
2390,2,,,C
2391,1,C,1,
2392,2,,,C
2393,3,,,
2394,1,A,3,
2395,1,A,3,
2396,1,D,1,
2397,1,C,1,
2398,3,,,
2399,3,,,
2400,1,D,4,
2401,3,,,
2402,2,,,C
2403,1,A,2,
2404,1,E,E,
2405,1,E,E,
2406,1,E,E,
2407,1,E,E,
2408,1,A,4,
2409,1,E,E,
2410,1,A,4,
2411,3,,,
2412,1,A,1,
2413,2,,,C
2414,1,C,4,
2415,1,C,3,
2416,1,D,4,
2417,1,C,1,
2418,3,,,
2419,3,,,
2420,1,B,2,
2421,3,,,
2422,1,C,3,
2423,1,E,E,
2424,1,E,E,
2425,3,,,
2426,1,B,1,
2427,3,,,
2428,1,C,4,
2429,1,C,3,
2430,3,,,
2431,1,C,3,
2432,3,,,
2433,1,C,3,
2434,3,,,
2435,3,,,
2436,1,E,E,
2437,1,A,4,
2438,1,E,E,
2439,3,,,
2440,1,A,3,
2441,2,,,C
2442,1,D,4,
2443,1,C,3,
2444,1,B,1,
2445,3,,,
2446,1,A,3,
2447,3,,,
2448,1,C,2,
2449,1,D,1,
2450,3,,,
2451,3,,,
2452,2,,,2
2453,1,W,W,
2454,3,,,
2455,1,C,3,
2456,1,B,1,
2457,1,C,4,
2458,1,B,3,
2459,3,,,
2460,3,,,
2461,1,C,2,
2462,1,B,2,
2463,1,E,E,
2464,1,E,E,
2465,1,A,4,
2466,3,,,
2467,1,A,2,
2468,1,D,2,
2469,1,A,4,
2470,3,,,
2471,3,,,
2472,3,,,
2473,1,B,2,
2474,1,D,2,
2475,1,C,2,
2476,1,B,1,
2477,1,C,4,
2478,1,C,4,
2479,3,,,
2480,3,,,
2481,1,D,4,
2482,1,D,2,
2483,3,,,
2484,3,,,
2485,1,E,E,
2486,3,,,
2487,3,,,
2488,2,,,C
2489,1,E,E,
2490,1,E,E,
2491,1,B,1,
2492,1,A,4,
2493,1,C,2,
2494,1,C,1,
2495,3,,,
2496,1,C,3,
2497,1,A,2,
2498,3,,,
2499,1,C,4,
2500,3,,,
2501,1,C,4,
2502,1,A,3,
2503,1,A,2,
2504,1,D,4,
2505,3,,,
2506,2,,,C
2507,1,A,3,
2508,1,A,4,
2509,1,C,3,
2510,1,C,2,
2511,1,D,3,
2512,1,E,E,
2513,1,D,4,
2514,1,W,W,
2515,1,C,3,
2516,2,,,4
2517,3,,,
2518,1,C,1,
2519,1,E,E,
2520,1,A,1,
2521,2,,,C
2522,1,E,E,
2523,1,C,2,
2524,2,,,3
2525,3,,,
2526,1,E,E,
2527,2,,,1
2528,1,A,3,
2529,1,E,E,
2530,1,C,1,
2531,1,C,4,
2532,1,E,E,
2533,1,B,3,
2534,1,D,1,
2535,3,,,
2536,1,C,4,
2537,3,,,
2538,3,,,
2539,1,B,4,
2540,1,D,4,
2541,1,E,E,
2542,1,C,1,
2543,1,A,3,
2544,1,B,2,
2545,1,B,2,
2546,1,B,1,
2547,1,E,E,
2548,1,C,2,
2549,1,A,4,
2550,2,,,3
2551,1,A,3,
2552,3,,,
2553,1,E,E,
2554,2,,,1
2555,1,A,3,
2556,1,C,4,
2557,3,,,
2558,3,,,
2559,1,A,1,
2560,1,C,4,
2561,1,B,3,
2562,1,E,E,
2563,3,,,
2564,1,A,1,
2565,1,W,W,
2566,1,C,4,
2567,1,A,4,
2568,1,A,2,
2569,3,,,
2570,1,C,4,
2571,1,C,1,
2572,2,,,4
2573,3,,,
2574,1,E,E,
2575,1,B,1,
2576,1,A,4,
2577,1,A,2,
2578,3,,,
2579,1,C,3,
2580,3,,,
2581,1,C,1,
2582,2,,,4
2583,1,A,1,
2584,1,C,3,
2585,1,C,4,
2586,1,A,4,
2587,1,C,2,
2588,1,D,2,
2589,1,A,1,
2590,3,,,
2591,1,E,E,
2592,1,D,1,
2593,1,A,4,
2594,1,E,E,
2595,3,,,
2596,3,,,
2597,1,E,E,
2598,1,C,1,
2599,1,D,2,
2600,1,B,4,
2601,1,D,3,
2602,3,,,
2603,1,C,4,
2604,1,A,1,
2605,1,E,E,
2606,1,C,1,
2607,1,E,E,
2608,1,B,3,
2609,2,,,2
2610,1,C,1,
2611,3,,,
2612,1,B,4,
2613,3,,,
2614,3,,,
2615,3,,,
2616,1,C,3,
2617,3,,,
2618,3,,,
2619,2,,,1
2620,1,C,3,
2621,1,E,E,
2622,3,,,
2623,1,E,E,
2624,3,,,
2625,1,C,1,
2626,3,,,
2627,1,A,3,
2628,1,D,3,
2629,1,D,2,
2630,1,C,4,
2631,1,C,2,
2632,1,D,3,
2633,3,,,
2634,1,D,3,
2635,1,E,E,
2636,1,A,1,
2637,1,D,2,
2638,1,E,E,
2639,2,,,3
2640,1,E,E,
2641,3,,,
2642,3,,,
2643,1,C,4,
2644,2,,,2
2645,3,,,
2646,1,E,E,
2647,1,A,2,
2648,1,A,1,
2649,3,,,
2650,1,A,3,
2651,3,,,
2652,1,A,1,
2653,1,A,3,
2654,1,E,E,
2655,2,,,1
2656,1,C,4,
2657,3,,,
2658,1,A,4,
2659,3,,,
2660,3,,,
2661,3,,,
2662,1,C,3,
2663,3,,,
2664,3,,,
2665,1,A,2,
2666,1,A,1,
2667,1,D,1,
2668,1,D,4,
2669,1,E,E,
2670,1,C,3,
2671,3,,,
2672,1,C,3,
2673,3,,,
2674,2,,,1
2675,1,D,1,
2676,1,A,3,
2677,3,,,
2678,1,E,E,
2679,1,W,W,
2680,1,B,4,
2681,2,,,2
2682,1,C,4,
2683,1,D,2,
2684,1,E,E,
2685,1,C,1,
2686,1,C,3,
2687,2,,,3
2688,1,C,4,
2689,1,A,1,
2690,1,C,3,
2691,3,,,
2692,3,,,
2693,3,,,
2694,1,C,4,
2695,1,A,4,
2696,1,C,2,
2697,3,,,
2698,1,E,E,
2699,1,C,3,
2700,1,E,E,
2701,1,E,E,
2702,1,E,E,
2703,3,,,
2704,3,,,
2705,3,,,
2706,1,A,4,
2707,1,E,E,
2708,1,E,E,
2709,1,W,W,
2710,1,E,E,
2711,1,A,2,
2712,3,,,
2713,1,A,1,
2714,1,C,2,
2715,1,C,1,
2716,1,A,1,
2717,3,,,
2718,1,C,4,
2719,1,A,2,
2720,3,,,
2721,3,,,
2722,2,,,C
2723,3,,,
2724,1,A,3,
2725,1,E,E,
2726,3,,,
2727,1,A,1,
2728,1,D,2,
2729,3,,,
2730,1,E,E,
2731,3,,,
2732,1,E,E,
2733,1,E,E,
2734,1,B,4,
2735,1,D,4,
2736,1,B,2,
2737,1,D,3,
2738,1,B,1,
2739,2,,,3
2740,1,A,3,
2741,3,,,
2742,1,E,E,
2743,1,A,3,
2744,1,E,E,
2745,3,,,
2746,1,W,W,
2747,1,A,2,
2748,1,C,2,
2749,1,E,E,
2750,3,,,
2751,1,W,W,
2752,1,A,2,
2753,1,A,2,
2754,1,C,3,
2755,3,,,
2756,1,D,1,
2757,1,E,E,
2758,1,A,1,
2759,2,,,4
2760,3,,,
2761,1,A,3,
2762,3,,,
2763,3,,,
2764,2,,,C
2765,1,A,4,
2766,3,,,
2767,1,D,3,
2768,2,,,C
2769,1,A,4,
2770,1,D,1,
2771,3,,,
2772,1,C,3,
2773,1,A,1,
2774,1,E,E,
2775,3,,,
2776,1,C,1,
2777,1,B,2,
2778,1,A,2,
2779,1,A,3,
2780,1,A,4,
2781,1,D,3,
2782,1,C,3,
2783,3,,,
2784,1,C,3,
2785,1,D,1,
2786,1,A,1,
2787,1,A,1,
2788,3,,,
2789,1,E,E,
2790,1,D,4,
2791,1,C,2,
2792,1,C,2,
2793,1,E,E,
2794,1,A,1,
2795,1,B,4,
2796,1,B,2,
2797,1,A,2,
2798,1,A,1,
2799,1,W,W,
2800,1,A,3,
2801,1,C,1,
2802,1,A,1,
2803,1,E,E,
2804,1,E,E,
2805,2,,,4
2806,3,,,
2807,3,,,
2808,1,D,1,
2809,3,,,
2810,1,A,1,
2811,1,E,E,
2812,2,,,C
2813,1,A,4,
2814,1,C,1,
2815,1,B,1,
2816,1,D,1,
2817,1,B,4,
2818,2,,,1
2819,1,A,2,
2820,1,C,1,
2821,1,B,3,
2822,1,D,4,
2823,2,,,4
2824,2,,,4
2825,1,A,4,
2826,1,D,3,
2827,1,A,3,
2828,1,C,3,
2829,1,A,3,
2830,2,,,3
2831,3,,,
2832,1,E,E,
2833,3,,,
2834,1,E,E,
2835,1,E,E,
2836,1,B,4,
2837,1,B,2,
2838,1,E,E,
2839,3,,,
2840,1,A,1,
2841,1,W,W,
2842,3,,,
2843,1,C,2,
2844,1,A,3,
2845,2,,,C
2846,1,B,1,
2847,3,,,
2848,3,,,
2849,1,C,3,
2850,1,A,1,
2851,1,A,1,
2852,1,B,4,
2853,1,A,3,
2854,3,,,
2855,1,C,2,
2856,1,A,2,
2857,1,E,E,
2858,3,,,
2859,1,A,4,
2860,1,A,3,
2861,3,,,
2862,3,,,
2863,1,A,1,
2864,1,B,2,
2865,3,,,
2866,3,,,
2867,1,A,3,
2868,1,C,3,
2869,1,C,4,
2870,3,,,
2871,1,C,1,
2872,1,E,E,
2873,1,E,E,
2874,1,A,1,
2875,1,C,3,
2876,1,C,2,
2877,1,D,2,
2878,1,E,E,
2879,1,A,1,
2880,1,C,2,
2881,1,C,4,
2882,2,,,C
2883,3,,,
2884,2,,,4
2885,1,D,3,
2886,1,A,4,
2887,1,B,3,
2888,2,,,2
2889,3,,,
2890,1,A,1,
2891,3,,,
2892,1,E,E,
2893,1,A,2,
2894,1,C,2,
2895,1,C,3,
2896,1,A,3,
2897,1,D,1,
2898,1,B,2,
2899,1,D,3,
2900,1,D,1,
2901,1,A,4,
2902,1,A,1,
2903,3,,,
2904,3,,,
2905,1,E,E,
2906,3,,,
2907,1,A,2,
2908,3,,,
2909,3,,,
2910,3,,,
2911,3,,,
2912,1,D,1,
2913,2,,,4
2914,3,,,
2915,1,C,2,
2916,2,,,C
2917,1,C,3,
2918,1,E,E,
2919,1,C,3,
2920,3,,,
2921,3,,,
2922,1,A,2,
2923,2,,,3
2924,1,A,4,
2925,1,C,1,
2926,1,E,E,
2927,1,D,1,
2928,3,,,
2929,2,,,C
2930,2,,,3
2931,1,A,4,
2932,1,C,2,
2933,1,C,1,
2934,3,,,
2935,1,C,2,
2936,1,B,2,
2937,1,D,3,
2938,1,A,2,
2939,2,,,C
2940,3,,,
2941,3,,,
2942,1,B,1,
2943,1,A,2,
2944,3,,,
2945,1,E,E,
2946,3,,,
2947,3,,,
2948,3,,,
2949,3,,,
2950,1,C,2,
2951,1,A,1,
2952,1,D,3,
2953,1,C,1,
2954,3,,,
2955,1,C,3,
2956,1,E,E,
2957,2,,,1
2958,1,E,E,
2959,1,A,3,
2960,1,A,3,
2961,3,,,
2962,1,A,2,
2963,1,C,3,
2964,3,,,
2965,1,C,4,
2966,3,,,
2967,1,E,E,
2968,1,E,E,
2969,1,C,2,
2970,3,,,
2971,1,E,E,
2972,3,,,
2973,3,,,
2974,3,,,
2975,1,B,3,
2976,1,C,4,
2977,3,,,
2978,2,,,C
2979,1,A,3,
2980,1,B,3,
2981,1,B,4,
2982,3,,,
2983,3,,,
2984,3,,,
2985,1,C,3,
2986,1,E,E,
2987,1,E,E,
2988,1,E,E,
2989,1,C,4,
2990,1,C,4,
2991,1,D,3,
2992,1,C,1,
2993,1,A,3,
2994,3,,,
2995,3,,,
2996,1,C,4,
2997,3,,,
2998,3,,,
2999,1,A,4,
3000,1,A,2,
3001,3,,,
3002,2,,,C
3003,1,E,E,
3004,1,A,1,
3005,1,C,3,
3006,1,B,1,
3007,3,,,
3008,1,C,3,
3009,1,E,E,
3010,1,E,E,
3011,1,C,1,
3012,1,A,1,
3013,2,,,C
3014,3,,,
3015,3,,,
3016,3,,,
3017,1,D,1,
3018,3,,,
3019,1,E,E,
3020,1,A,4,
3021,3,,,
3022,3,,,
3023,1,A,4,
3024,1,A,2,
3025,1,A,2,
3026,3,,,
3027,2,,,1
3028,1,A,3,
3029,1,A,2,
3030,1,C,4,
3031,3,,,
3032,1,C,1,
3033,1,E,E,
3034,1,C,4,
3035,3,,,
3036,1,B,3,
3037,3,,,
3038,3,,,
3039,3,,,
3040,3,,,
3041,2,,,4
3042,1,C,3,
3043,1,E,E,
3044,2,,,C
3045,3,,,
3046,1,A,2,
3047,1,A,4,
3048,1,A,1,
3049,1,A,4,
3050,1,E,E,
3051,1,A,4,
3052,1,E,E,
3053,3,,,
3054,2,,,4
3055,1,E,E,
3056,3,,,
3057,3,,,
3058,1,D,1,
3059,1,E,E,
3060,1,D,1,
3061,1,E,E,
3062,1,D,2,
3063,2,,,3
3064,3,,,
3065,1,C,4,
3066,1,B,3,
3067,1,A,1,
3068,3,,,
3069,3,,,
3070,1,C,1,
3071,1,C,3,
3072,1,C,4,
3073,1,A,2,
3074,1,B,2,
3075,3,,,
3076,1,A,4,
3077,1,E,E,
3078,1,A,1,
3079,1,D,2,
3080,1,E,E,
3081,1,D,4,
3082,1,D,1,
3083,1,A,1,
3084,3,,,
3085,1,C,3,
3086,3,,,
3087,1,E,E,
3088,2,,,4
3089,1,B,4,
3090,3,,,
3091,1,E,E,
3092,1,C,1,
3093,3,,,
3094,1,A,4,
3095,3,,,
3096,1,B,2,
3097,1,C,3,
3098,1,E,E,
3099,1,D,3,
3100,1,C,4,
3101,1,C,2,
3102,1,C,3,
3103,2,,,C
3104,2,,,2
3105,1,E,E,
3106,3,,,
3107,1,C,3,
3108,1,A,2,
3109,3,,,
3110,1,E,E,
3111,1,E,E,
3112,1,D,1,
3113,1,C,4,
3114,1,C,3,
3115,1,C,2,
3116,3,,,
3117,1,A,3,
3118,1,C,3,
3119,1,D,4,
3120,1,E,E,
3121,1,A,1,
3122,1,C,2,
3123,1,D,1,
3124,1,E,E,
3125,3,,,
3126,1,A,1,
3127,1,C,2,
3128,3,,,
3129,1,C,4,
3130,3,,,
3131,1,A,1,
3132,1,C,2,
3133,1,C,2,
3134,1,C,4,
3135,1,C,2,
3136,1,A,3,
3137,3,,,
3138,1,C,1,
3139,1,A,4,
3140,1,A,3,
3141,3,,,
3142,1,C,3,
3143,3,,,
3144,1,E,E,
3145,3,,,
3146,1,B,3,
3147,2,,,C
3148,3,,,
3149,3,,,
3150,3,,,
3151,1,A,3,
3152,1,E,E,
3153,3,,,
3154,1,C,1,
3155,1,A,3,
3156,3,,,
3157,1,A,4,
3158,3,,,
3159,1,C,3,
3160,3,,,
3161,1,W,W,
3162,1,C,2,
3163,3,,,
3164,1,C,2,
3165,1,E,E,
3166,3,,,
3167,1,D,2,
3168,1,E,E,
3169,3,,,
3170,1,A,1,
3171,1,C,4,
3172,1,W,W,
3173,3,,,
3174,1,C,2,
3175,1,A,4,
3176,1,D,3,
3177,1,E,E,
3178,1,E,E,
3179,3,,,
3180,1,E,E,
3181,1,C,3,
3182,1,D,3,
3183,3,,,
3184,1,E,E,
3185,1,A,2,
3186,3,,,
3187,1,A,1,
3188,2,,,2
3189,1,A,2,
3190,3,,,
3191,1,A,4,
3192,1,C,4,
3193,1,C,4,
3194,1,C,2,
3195,1,C,3,
3196,3,,,
3197,3,,,
3198,1,A,1,
3199,3,,,
3200,2,,,C
3201,1,A,4,
3202,3,,,
3203,1,C,3,
3204,1,D,1,
3205,1,A,1,
3206,2,,,4
3207,1,D,4,
3208,2,,,C
3209,1,A,4,
3210,1,C,1,
3211,1,E,E,
3212,1,C,3,
3213,1,C,2,
3214,2,,,2
3215,1,C,1,
3216,1,B,4,
3217,1,E,E,
3218,3,,,
3219,1,W,W,
3220,2,,,C
3221,1,E,E,
3222,1,D,2,
3223,3,,,
3224,1,A,4,
3225,2,,,4
3226,1,A,1,
3227,1,C,4,
3228,1,C,3,
3229,1,C,1,
3230,2,,,1
3231,1,B,1,
3232,1,E,E,
3233,1,A,3,
3234,1,E,E,
3235,1,B,2,
3236,1,A,2,
3237,3,,,
3238,1,C,3,
3239,3,,,
3240,1,C,3,
3241,3,,,
3242,1,A,1,
3243,1,W,W,
3244,1,W,W,
3245,1,E,E,
3246,1,E,E,
3247,1,A,1,
3248,1,C,1,
3249,1,C,1,
3250,3,,,
3251,1,B,2,
3252,3,,,
3253,1,C,4,
3254,3,,,
3255,1,A,3,
3256,1,A,4,
3257,3,,,
3258,1,B,2,
3259,3,,,
3260,1,A,2,
3261,1,A,2,
3262,1,E,E,
3263,2,,,3
3264,1,A,1,
3265,1,C,1,
3266,1,A,3,
3267,1,A,3,
3268,1,A,4,
3269,1,D,1,
3270,1,C,3,
3271,1,A,4,
3272,1,C,1,
3273,1,A,2,
3274,2,,,3
3275,3,,,
3276,1,A,3,
3277,1,C,2,
3278,1,C,2,
3279,1,C,3,
3280,1,A,2,
3281,1,E,E,
3282,1,C,2,
3283,3,,,
3284,3,,,
3285,2,,,C
3286,1,D,2,
3287,1,D,1,
3288,3,,,
3289,1,D,1,
3290,1,C,3,
3291,1,C,1,
3292,3,,,
3293,1,E,E,
3294,1,A,1,
3295,1,E,E,
3296,1,D,2,
3297,3,,,
3298,3,,,
3299,3,,,
3300,1,A,2,
3301,1,A,1,
3302,1,E,E,
3303,1,A,3,
3304,3,,,
3305,1,C,1,
3306,1,E,E,
3307,1,A,2,
3308,1,A,1,
3309,3,,,
3310,1,C,2,
3311,1,D,3,
3312,3,,,
3313,3,,,
3314,1,E,E,
3315,1,A,3,
3316,1,A,2,
3317,3,,,
3318,3,,,
3319,1,W,W,
3320,3,,,
3321,3,,,
3322,3,,,
3323,1,B,2,
3324,3,,,
3325,3,,,
3326,1,E,E,
3327,1,C,2,
3328,1,A,3,
3329,3,,,
3330,2,,,2
3331,3,,,
3332,1,B,4,
3333,1,E,E,
3334,1,B,1,
3335,1,E,E,
3336,1,A,2,
3337,1,E,E,
3338,3,,,
3339,1,E,E,
3340,3,,,
3341,1,A,1,
3342,1,A,3,
3343,1,C,4,
3344,3,,,
3345,3,,,
3346,1,E,E,
3347,3,,,
3348,3,,,
3349,3,,,
3350,3,,,
3351,3,,,
3352,1,b,3,
3353,3,,,
3354,3,,,
3355,1,E,E,
3356,3,,,
3357,1,A,2,
3358,1,E,E,
3359,3,,,
3360,2,,,C
3361,1,A,3,
3362,3,,,
3363,1,D,3,
3364,3,,,
3365,3,,,
3366,1,D,3,
3367,1,E,E,
3368,1,B,4,
3369,1,A,3,
3370,3,,,
3371,1,E,E,
3372,1,A,2,
3373,1,C,2,
3374,1,D,1,
3375,1,A,2,
3376,3,,,
3377,1,C,2,
3378,1,A,2,
3379,3,,,
3380,1,B,2,
3381,3,,,
3382,1,A,3,
3383,1,C,4,
3384,1,C,3,
3385,1,C,1,
3386,1,B,3,
3387,1,E,E,
3388,1,A,4,
3389,1,A,3,
3390,1,C,1,
3391,1,A,4,
3392,2,,,C
3393,1,E,E,
3394,1,A,1,
3395,2,,,1
3396,3,,,
3397,1,E,E,
3398,1,C,1,
3399,3,,,
3400,3,,,
3401,3,,,
3402,1,A,2,
3403,1,E,E,
3404,1,D,4,
3405,1,D,3,
3406,3,,,
3407,1,A,3,
3408,1,A,1,
3409,3,,,
3410,2,,,1
3411,1,A,4,
3412,1,A,3,
3413,2,,,C
3414,3,,,
3415,2,,,C
3416,1,A,4,
3417,1,A,2,
3418,3,,,
3419,1,C,4,
3420,1,B,3,
3421,1,C,3,
3422,2,,,1
3423,1,A,4,
3424,1,C,2,
3425,3,,,
3426,3,,,
3427,1,C,2,
3428,1,C,4,
3429,2,,,C
3430,1,C,1,
3431,1,C,2,
3432,2,,,C
3433,1,A,4,
3434,1,W,W,
3435,1,E,E,
3436,1,E,E,
3437,1,E,E,
3438,1,C,1,
3439,3,,,
3440,1,A,3,
3441,3,,,
3442,1,C,2,
3443,1,E,E,
3444,1,E,E,
3445,1,E,E,
3446,1,C,1,
3447,1,A,2,
3448,1,B,1,
3449,1,A,1,
3450,3,,,
3451,3,,,
3452,1,D,3,
3453,1,E,E,
3454,2,,,C
3455,1,A,2,
3456,1,D,4,
3457,3,,,
3458,1,E,E,
3459,3,,,
3460,3,,,
3461,1,C,4,
3462,2,,,1
3463,1,C,2,
3464,3,,,
3465,1,E,E,
3466,1,B,1,
3467,1,A,1,
3468,1,A,2,
3469,1,B,3,
3470,1,D,4,
3471,1,C,4,
3472,3,,,
3473,1,B,1,
3474,1,E,E,
3475,3,,,
3476,2,,,C
3477,1,C,1,
3478,1,A,4,
3479,1,C,1,
3480,3,,,
3481,3,,,
3482,3,,,
3483,1,D,4,
3484,1,B,3,
3485,1,B,4,
3486,1,C,2,
3487,3,,,
3488,3,,,
3489,1,A,1,
3490,1,C,4,
3491,3,,,
3492,1,A,2,
3493,1,D,1,
3494,1,C,2,
3495,1,E,E,
3496,1,E,E,
3497,3,,,
3498,1,C,2,
3499,1,C,1,
3500,1,C,2,
3501,3,,,
3502,3,,,
3503,1,E,E,
3504,1,A,3,
3505,1,A,1,
3506,1,C,2,
3507,1,A,2,
3508,1,D,4,
3509,2,,,1
3510,1,A,3,
3511,3,,,
3512,3,,,
3513,1,C,2,
3514,1,B,3,
3515,2,,,4
3516,3,,,
3517,1,A,2,
3518,1,E,E,
3519,1,D,4,
3520,1,A,4,
3521,3,,,
3522,1,E,E,
3523,1,E,E,
3524,3,,,
3525,1,C,3,
3526,1,E,E,
3527,1,B,3,
3528,1,B,2,
3529,1,A,1,
3530,1,C,4,
3531,3,,,
3532,2,,,1
3533,3,,,
3534,1,E,E,
3535,1,A,4,
3536,1,E,E,
3537,1,C,3,
3538,1,C,2,
3539,1,E,E,
3540,1,A,1,
3541,1,A,3,
3542,1,B,1,
3543,1,A,1,
3544,3,,,
3545,1,E,E,
3546,1,E,E,
3547,1,C,3,
3548,3,,,
3549,3,,,
3550,1,A,4,
3551,1,E,E,
3552,3,,,
3553,1,A,4,
3554,3,,,
3555,1,W,W,
3556,1,A,4,
3557,3,,,
3558,1,E,E,
3559,1,A,3,
3560,1,A,3,
3561,1,W,W,
3562,3,,,
3563,1,A,4,
3564,3,,,
3565,3,,,
3566,2,,,3
3567,1,C,3,
3568,3,,,
3569,3,,,
3570,3,,,
3571,3,,,
3572,1,D,4,
3573,2,,,2
3574,2,,,3
3575,3,,,
3576,1,B,2,
3577,1,E,E,
3578,1,E,E,
3579,1,A,1,
3580,1,C,1,
3581,3,,,
3582,3,,,
3583,2,,,C
3584,3,,,
3585,1,A,1,
3586,1,B,1,
3587,1,C,3,
3588,3,,,
3589,1,E,E,
3590,1,B,4,
3591,3,,,
3592,3,,,
3593,1,E,E,
3594,1,E,E,
3595,1,E,E,
3596,1,E,E,
3597,1,A,4,
3598,1,C,4,
3599,3,,,
3600,1,E,E,
3601,3,,,
3602,3,,,
3603,1,C,3,
3604,1,A,1,
3605,3,,,
3606,1,A,2,
3607,3,,,
3608,3,,,
3609,1,E,E,
3610,1,C,4,
3611,1,E,E,
3612,1,C,1,
3613,1,B,4,
3614,1,A,2,
3615,1,A,4,
3616,1,E,E,
3617,1,E,E,
3618,1,E,E,
3619,2,,,4
3620,1,E,E,
3621,1,E,E,
3622,3,,,
3623,3,,,
3624,3,,,
3625,1,E,E,
3626,1,C,2,
3627,1,C,4,
3628,1,A,1,
3629,1,A,4,
3630,3,,,
3631,3,,,
3632,1,C,4,
3633,1,A,2,
3634,1,E,E,
3635,3,,,
3636,2,,,C
3637,1,A,4,
3638,1,D,4,
3639,1,D,4,
3640,1,A,1,
3641,1,A,3,
3642,1,C,4,
3643,1,D,3,
3644,3,,,
3645,3,,,
3646,3,,,
3647,1,A,4,
3648,1,E,E,
3649,1,D,2,
3650,1,C,2,
3651,3,,,
3652,1,C,2,
3653,3,,,
3654,3,,,
3655,1,C,1,
3656,2,,,4
3657,1,C,4,
3658,1,C,2,
3659,1,E,E,
3660,1,E,E,
3661,1,E,E,
3662,1,A,2,
3663,1,b,3,
3664,2,,,1
3665,1,W,W,
3666,2,,,2
3667,1,C,2,
3668,3,,,
3669,3,,,
3670,1,E,E,
3671,3,,,
3672,2,,,2
3673,1,D,3,
3674,3,,,
3675,1,A,2,
3676,1,C,4,
3677,1,C,4,
3678,1,C,3,
3679,3,,,
3680,1,E,E,
3681,1,C,2,
3682,1,E,E,
3683,1,B,4,
3684,1,C,2,
3685,3,,,
3686,1,E,E,
3687,3,,,
3688,3,,,
3689,1,C,1,
3690,1,E,E,
3691,3,,,
3692,2,,,C
3693,1,B,2,
3694,1,W,W,
3695,3,,,
3696,1,A,1,
3697,1,A,2,
3698,1,A,4,
3699,1,C,1,
3700,1,C,4,
3701,1,E,E,
3702,1,C,3,
3703,1,D,1,
3704,1,D,3,
3705,1,E,E,
3706,1,C,2,
3707,3,,,
3708,1,A,1,
3709,3,,,
3710,3,,,
3711,3,,,
3712,1,E,E,
3713,1,C,4,
3714,3,,,
3715,1,E,E,
3716,1,C,3,
3717,3,,,
3718,1,E,E,
3719,3,,,
3720,1,C,2,
3721,3,,,
3722,1,B,1,
3723,1,A,4,
3724,1,A,4,
3725,1,A,3,
3726,1,B,1,
3727,3,,,
3728,1,A,4,
3729,1,A,2,
3730,1,D,3,
3731,1,A,2,
3732,1,E,E,
3733,3,,,
3734,1,A,4,
3735,3,,,
3736,1,B,1,
3737,1,A,2,
3738,1,C,1,
3739,2,,,C
3740,1,E,E,
3741,1,A,3,
3742,1,B,4,
3743,1,E,E,
3744,1,A,3,
3745,1,C,2,
3746,2,,,3
3747,1,A,1,
3748,1,D,2,
3749,1,D,1,
3750,1,D,3,
3751,1,A,3,
3752,3,,,
3753,1,C,2,
3754,1,C,1,
3755,2,,,C
3756,1,E,E,
3757,1,C,4,
3758,1,D,2,
3759,1,C,3,
3760,2,,,1
3761,1,A,1,
3762,1,C,1,
3763,3,,,
3764,3,,,
3765,3,,,
3766,1,A,1,
3767,1,D,4,
3768,1,A,3,
3769,1,A,4,
3770,1,D,2,
3771,3,,,
3772,3,,,
3773,1,C,4,
3774,1,A,2,
3775,1,A,3,
3776,2,,,C
3777,2,,,C
3778,1,E,E,
3779,3,,,
3780,1,A,2,
3781,1,E,E,
3782,1,A,1,
3783,1,A,2,
3784,2,,,1
3785,1,W,W,
3786,3,,,
3787,1,C,3,
3788,2,,,C
3789,2,,,3
3790,1,D,3,
3791,1,D,3,
3792,3,,,
3793,1,E,E,
3794,1,E,E,
3795,1,C,3,
3796,1,C,4,
3797,1,E,E,
3798,3,,,
3799,1,B,1,
3800,3,,,
3801,1,A,2,
3802,1,D,3,
3803,1,D,2,
3804,3,,,
3805,1,C,3,
3806,3,,,
3807,1,A,1,
3808,1,b,3,
3809,1,C,2,
3810,1,A,1,
3811,3,,,
3812,1,A,3,
3813,1,A,1,
3814,1,C,3,
3815,3,,,
3816,1,E,E,
3817,3,,,
3818,3,,,
3819,1,C,3,
3820,1,B,1,
3821,1,C,1,
3822,1,A,1,
3823,1,E,E,
3824,3,,,
3825,2,,,C
3826,2,,,4
3827,1,B,3,
3828,1,C,4,
3829,3,,,
3830,3,,,
3831,1,A,2,
3832,3,,,
3833,1,A,1,
3834,1,A,3,
3835,3,,,
3836,1,A,3,
3837,1,E,E,
3838,3,,,
3839,1,A,3,
3840,1,C,4,
3841,1,C,2,
3842,3,,,
3843,1,E,E,
3844,1,E,E,
3845,2,,,2
3846,1,A,3,
3847,3,,,
3848,3,,,
3849,1,A,1,
3850,1,C,2,
3851,3,,,
3852,2,,,3
3853,1,E,E,
3854,1,C,1,
3855,1,A,1,
3856,1,C,4,
3857,3,,,
3858,1,E,E,
3859,1,E,E,
3860,1,C,2,
3861,3,,,
3862,1,C,3,
3863,3,,,
3864,3,,,
3865,1,B,1,
3866,1,E,E,
3867,1,B,1,
3868,1,B,2,
3869,3,,,
3870,1,B,3,
3871,1,E,E,
3872,3,,,
3873,1,A,4,
3874,1,D,3,
3875,1,A,4,
3876,1,B,1,
3877,3,,,
3878,3,,,
3879,3,,,
3880,1,C,2,
3881,1,A,4,
3882,2,,,3
3883,1,A,1,
3884,1,W,W,
3885,2,,,4
3886,3,,,
3887,1,A,4,
3888,3,,,
3889,1,B,2,
3890,3,,,
3891,1,A,2,
3892,1,E,E,
3893,3,,,
3894,2,,,4
3895,1,C,4,
3896,1,C,3,
3897,2,,,C
3898,3,,,
3899,1,C,3,
3900,1,C,4,
3901,1,D,4,
3902,1,D,2,
3903,1,B,2,
3904,1,E,E,
3905,3,,,
3906,1,C,1,
3907,3,,,
3908,1,E,E,
3909,3,,,
3910,3,,,
3911,3,,,
3912,3,,,
3913,1,A,3,
3914,1,D,4,
3915,3,,,
3916,1,C,2,
3917,1,A,4,
3918,1,D,3,
3919,3,,,
3920,1,D,2,
3921,1,C,4,
3922,1,W,W,
3923,1,E,E,
3924,1,A,1,
3925,1,D,2,
3926,2,,,3
3927,1,W,W,
3928,2,,,1
3929,2,,,2
3930,2,,,4
3931,1,C,2,
3932,1,C,2,
3933,3,,,
3934,1,D,3,
3935,2,,,2
3936,3,,,
3937,3,,,
3938,3,,,
3939,3,,,
3940,1,A,2,
3941,1,A,1,
3942,1,C,3,
3943,1,C,2,
3944,3,,,
3945,1,C,1,
3946,3,,,
3947,1,D,2,
3948,1,E,E,
3949,3,,,
3950,1,A,3,
3951,3,,,
3952,1,B,1,
3953,1,A,4,
3954,1,D,1,
3955,1,E,E,
3956,1,B,2,
3957,1,B,2,
3958,3,,,
3959,1,C,4,
3960,1,B,3,
3961,1,A,2,
3962,1,E,E,
3963,3,,,
3964,1,B,2,
3965,1,C,1,
3966,3,,,
3967,3,,,
3968,2,,,C
3969,3,,,
3970,1,E,E,
3971,1,D,2,
3972,3,,,
3973,1,A,4,
3974,1,C,1,
3975,3,,,
3976,1,A,1,
3977,3,,,
3978,3,,,
3979,1,A,3,
3980,3,,,
3981,1,C,4,
3982,1,C,4,
3983,1,C,2,
3984,3,,,
3985,1,C,2,
3986,1,B,3,
3987,2,,,C
3988,1,A,4,
3989,3,,,
3990,3,,,
3991,3,,,
3992,1,D,1,
3993,3,,,
3994,1,A,4,
3995,3,,,
3996,1,C,3,
3997,1,E,E,
3998,1,A,2,
3999,3,,,
4000,3,,,
4001,1,E,E,
4002,3,,,
4003,1,A,4,
4004,1,E,E,
4005,1,C,1,
4006,3,,,
4007,3,,,
4008,3,,,
4009,1,A,1,
4010,3,,,
4011,1,A,2,
4012,1,A,3,
4013,3,,,
4014,1,W,W,
4015,2,,,C
4016,1,E,E,
4017,2,,,1
4018,2,,,4
4019,1,C,2,
4020,1,C,3,
4021,1,A,3,
4022,1,C,3,
4023,1,A,2,
4024,1,B,2,
4025,3,,,
4026,1,E,E,
4027,1,E,E,
4028,1,A,1,
4029,3,,,
4030,3,,,
4031,1,C,1,
4032,1,A,2,
4033,1,A,1,
4034,1,D,2,
4035,1,C,3,
4036,3,,,
4037,3,,,
4038,3,,,
4039,1,C,4,
4040,1,E,E,
4041,1,A,1,
4042,2,,,C
4043,3,,,
4044,3,,,
4045,1,D,1,
4046,1,E,E,
4047,3,,,
4048,3,,,
4049,1,A,2,
4050,1,A,4,
4051,1,A,3,
4052,1,E,E,
4053,1,C,4,
4054,1,C,1,
4055,3,,,
4056,1,B,2,
4057,1,B,2,
4058,1,C,3,
4059,1,E,E,
4060,1,C,3,
4061,1,A,2,
4062,3,,,
4063,3,,,
4064,3,,,
4065,3,,,
4066,3,,,
4067,3,,,
4068,1,A,3,
4069,3,,,
4070,3,,,
4071,3,,,
4072,1,C,3,
4073,2,,,3
4074,1,A,4,
4075,3,,,
4076,1,E,E,
4077,1,A,2,
4078,1,D,1,
4079,1,A,2,
4080,1,A,4,
4081,1,E,E,
4082,2,,,4
4083,1,C,3,
4084,2,,,3
4085,3,,,
4086,1,C,3,
4087,1,C,3,
4088,1,D,3,
4089,3,,,
4090,1,A,1,
4091,1,D,1,
4092,1,E,E,
4093,1,E,E,
4094,1,B,2,
4095,1,D,1,
4096,3,,,
4097,1,D,1,
4098,1,A,3,
4099,1,B,3,
4100,1,A,3,
4101,3,,,
4102,1,E,E,
4103,3,,,
4104,3,,,
4105,3,,,
4106,1,C,3,
4107,1,E,E,
4108,3,,,
4109,1,B,4,
4110,3,,,
4111,1,E,E,
4112,1,E,E,
4113,3,,,
4114,3,,,
4115,1,W,W,
4116,1,A,3,
4117,3,,,
4118,3,,,
4119,3,,,
4120,1,E,E,
4121,2,,,C
4122,3,,,
4123,1,A,3,
4124,1,A,1,
4125,3,,,
4126,1,A,3,
4127,1,B,4,
4128,1,E,E,
4129,1,A,4,
4130,3,,,
4131,1,E,E,
4132,1,E,E,
4133,1,D,1,
4134,1,C,4,
4135,1,A,1,
4136,2,,,3
4137,1,E,E,
4138,3,,,
4139,3,,,
4140,3,,,
4141,2,,,1
4142,1,E,E,
4143,3,,,
4144,1,B,1,
4145,1,A,1,
4146,1,E,E,
4147,1,W,W,
4148,1,B,2,
4149,1,D,1,
4150,1,B,4,
4151,1,A,4,
4152,3,,,
4153,3,,,
4154,3,,,
4155,3,,,
4156,3,,,
4157,1,C,3,
4158,1,B,2,
4159,3,,,
4160,1,C,4,
4161,3,,,
4162,3,,,
4163,2,,,C
4164,1,C,1,
4165,3,,,
4166,3,,,
4167,1,C,4,
4168,3,,,
4169,2,,,C
4170,1,A,4,
4171,3,,,
4172,1,E,E,
4173,1,C,4,
4174,1,D,4,
4175,1,C,3,
4176,1,E,E,
4177,1,D,1,
4178,1,D,4,
4179,1,A,3,
4180,1,A,4,
4181,1,A,2,
4182,1,B,4,
4183,1,C,4,
4184,1,E,E,
4185,1,C,1,
4186,3,,,
4187,1,D,2,
4188,3,,,
4189,1,C,2,
4190,1,D,1,
4191,1,B,1,
4192,1,A,1,
4193,1,E,E,
4194,3,,,
4195,3,,,
4196,1,A,4,
4197,3,,,
4198,2,,,C
4199,1,A,1,
4200,1,D,3,
4201,1,A,2,
4202,1,A,2,
4203,1,B,1,
4204,3,,,
4205,2,,,3
4206,3,,,
4207,3,,,
4208,3,,,
4209,1,A,4,
4210,1,A,3,
4211,1,A,3,
4212,1,C,4,
4213,1,C,1,
4214,3,,,
4215,2,,,3
4216,3,,,
4217,2,,,1
4218,1,A,2,
4219,1,A,1,
4220,3,,,
4221,1,A,2,
4222,1,C,1,
4223,1,E,E,
4224,1,C,1,
4225,1,A,4,
4226,1,E,E,
4227,3,,,
4228,3,,,
4229,1,C,4,
4230,2,,,4
4231,1,C,3,
4232,3,,,
4233,1,B,1,
4234,2,,,3
4235,1,B,4,
4236,1,C,3,
4237,1,C,2,
4238,3,,,
4239,1,B,3,
4240,3,,,
4241,1,E,E,
4242,1,D,4,
4243,1,D,4,
4244,1,E,E,
4245,1,E,E,
4246,1,C,4,
4247,1,E,E,
4248,1,A,3,
4249,1,A,3,
4250,3,,,
4251,1,E,E,
4252,3,,,
4253,1,C,2,
4254,1,A,2,
4255,1,A,3,
4256,1,C,2,
4257,1,A,2,
4258,1,E,E,
4259,1,A,3,
4260,3,,,
4261,2,,,2
4262,1,A,2,
4263,1,A,4,
4264,3,,,
4265,1,B,4,
4266,1,A,2,
4267,2,,,2
4268,1,E,E,
4269,3,,,
4270,1,A,2,
4271,1,W,W,
4272,3,,,
4273,1,A,3,
4274,2,,,3
4275,1,B,1,
4276,1,C,4,
4277,3,,,
4278,1,C,3,
4279,1,E,E,
4280,1,D,2,
4281,1,C,1,
4282,1,C,1,
4283,1,A,2,
4284,1,E,E,
4285,2,,,2
4286,3,,,
4287,1,B,2,
4288,1,C,3,
4289,1,A,2,
4290,1,C,1,
4291,1,A,3,
4292,3,,,
4293,1,A,3,
4294,3,,,
4295,1,E,E,
4296,1,C,1,
4297,1,A,4,
4298,1,A,4,
4299,1,A,1,
4300,1,E,E,
4301,1,D,1,
4302,3,,,
4303,1,A,3,
4304,3,,,
4305,1,E,E,
4306,1,A,2,
4307,1,B,2,
4308,1,A,2,
4309,1,B,1,
4310,3,,,
4311,1,E,E,
4312,1,C,3,
4313,1,B,1,
4314,1,E,E,
4315,1,D,2,
4316,1,A,2,
4317,1,A,4,
4318,1,B,4,
4319,1,C,2,
4320,3,,,
4321,1,A,3,
4322,1,D,4,
4323,1,B,3,
4324,1,B,2,
4325,1,E,E,
4326,1,E,E,
4327,3,,,
4328,3,,,
4329,1,E,E,
4330,3,,,
4331,1,E,E,
4332,1,E,E,
4333,1,E,E,
4334,1,E,E,
4335,3,,,
4336,1,E,E,
4337,3,,,
4338,1,C,1,
4339,1,D,3,
4340,1,A,2,
4341,1,D,4,
4342,1,C,4,
4343,2,,,4
4344,3,,,
4345,2,,,C
4346,1,A,4,
4347,1,C,1,
4348,3,,,
4349,2,,,C
4350,1,C,3,
4351,1,A,3,
4352,1,D,2,
4353,1,A,2,
4354,3,,,
4355,3,,,
4356,1,B,3,
4357,3,,,
4358,1,E,E,
4359,3,,,
4360,1,C,1,
4361,1,C,3,
4362,3,,,
4363,3,,,
4364,1,C,4,
4365,1,E,E,
4366,1,E,E,
4367,1,C,3,
4368,3,,,
4369,1,A,1,
4370,3,,,
4371,3,,,
4372,1,C,2,
4373,1,E,E,
4374,1,A,4,
4375,3,,,
4376,3,,,
4377,1,C,1,
4378,1,A,1,
4379,1,A,1,
4380,1,A,2,
4381,1,B,1,
4382,1,A,3,
4383,3,,,
4384,1,C,2,
4385,1,A,3,
4386,1,A,1,
4387,1,C,2,
4388,1,A,1,
4389,1,C,2,
4390,3,,,
4391,2,,,1
4392,1,C,3,
4393,2,,,C
4394,1,C,3,
4395,1,E,E,
4396,1,A,4,
4397,1,E,E,
4398,1,C,1,
4399,1,A,1,
4400,1,A,3,
4401,1,A,4,
4402,3,,,
4403,1,E,E,
4404,1,D,3,
4405,2,,,C
4406,3,,,
4407,1,C,3,
4408,2,,,C
4409,3,,,
4410,1,A,3,
4411,1,D,2,
4412,1,C,1,
4413,2,,,C
4414,1,C,4,
4415,3,,,
4416,2,,,C
4417,1,A,1,
4418,3,,,
4419,1,A,1,
4420,1,D,3,
4421,1,A,2,
4422,2,,,C
4423,1,A,3,
4424,1,A,4,
4425,3,,,
4426,3,,,
4427,3,,,
4428,3,,,
4429,1,B,1,
4430,1,A,2,
4431,1,C,3,
4432,3,,,
4433,1,E,E,
4434,1,C,4,
4435,3,,,
4436,3,,,
4437,3,,,
4438,2,,,C
4439,3,,,
4440,3,,,
4441,1,E,E,
4442,2,,,3
4443,1,C,1,
4444,3,,,
4445,1,A,4,
4446,3,,,
4447,3,,,
4448,1,A,4,
4449,1,C,2,
4450,1,C,4,
4451,1,E,E,
4452,1,C,2,
4453,1,A,3,
4454,1,b,3,
4455,1,E,E,
4456,1,D,2,
4457,1,W,W,
4458,1,A,4,
4459,3,,,
4460,3,,,
4461,2,,,4
4462,2,,,3
4463,1,E,E,
4464,1,C,3,
4465,2,,,2
4466,1,A,4,
4467,3,,,
4468,3,,,
4469,1,E,E,
4470,1,B,4,
4471,1,C,1,
4472,3,,,
4473,1,C,3,
4474,1,E,E,
4475,3,,,
4476,1,C,4,
4477,1,E,E,
4478,3,,,
4479,2,,,1
4480,3,,,
4481,1,B,1,
4482,3,,,
4483,3,,,
4484,2,,,C
4485,1,W,W,
4486,1,B,4,
4487,1,A,1,
4488,1,C,1,
4489,1,E,E,
4490,1,A,2,
4491,1,E,E,
4492,1,B,4,
4493,1,E,E,
4494,1,D,3,
4495,1,B,3,
4496,1,E,E,
4497,2,,,C
4498,3,,,
4499,1,C,4,
4500,1,D,3,
4501,2,,,3
4502,1,B,2,
4503,1,E,E,
4504,1,C,1,
4505,3,,,
4506,1,C,3,
4507,1,C,3,
4508,3,,,
4509,1,B,3,
4510,2,,,4
4511,1,A,4,
4512,3,,,
4513,1,D,3,
4514,3,,,
4515,1,C,1,
4516,1,C,4,
4517,1,E,E,
4518,3,,,
4519,1,D,3,
4520,1,E,E,
4521,1,D,2,
4522,1,A,3,
4523,1,C,2,
4524,3,,,
4525,1,A,1,
4526,1,A,1,
4527,3,,,
4528,1,E,E,
4529,3,,,
4530,1,C,4,
4531,2,,,2
4532,3,,,
4533,1,C,3,
4534,1,A,3,
4535,1,C,1,
4536,1,C,2,
4537,3,,,
4538,3,,,
4539,2,,,4
4540,2,,,3
4541,1,C,1,
4542,3,,,
4543,1,C,4,
4544,1,D,3,
4545,1,A,1,
4546,1,E,E,
4547,1,E,E,
4548,1,C,2,
4549,3,,,
4550,3,,,
4551,1,B,3,
4552,2,,,4
4553,3,,,
4554,3,,,
4555,1,B,2,
4556,3,,,
4557,3,,,
4558,2,,,C
4559,2,,,4
4560,1,A,4,
4561,1,C,1,
4562,1,E,E,
4563,1,B,3,
4564,1,C,3,
4565,1,C,2,
4566,3,,,
4567,1,D,3,
4568,1,C,1,
4569,3,,,
4570,1,D,2,
4571,3,,,
4572,1,C,3,
4573,1,C,3,
4574,2,,,C
4575,1,E,E,
4576,1,A,1,
4577,3,,,
4578,1,A,2,
4579,2,,,4
4580,1,E,E,
4581,1,A,4,
4582,1,A,4,
4583,3,,,
4584,1,C,2,
4585,1,B,2,
4586,3,,,
4587,3,,,
4588,1,C,2,
4589,1,A,1,
4590,1,B,1,
4591,3,,,
4592,1,A,2,
4593,1,E,E,
4594,1,C,4,
4595,1,C,4,
4596,1,D,1,
4597,1,W,W,
4598,3,,,
4599,3,,,
4600,1,A,4,
4601,2,,,2
4602,3,,,
4603,3,,,
4604,1,A,2,
4605,3,,,
4606,3,,,
4607,1,B,4,
4608,1,D,4,
4609,1,E,E,
4610,1,C,2,
4611,1,C,3,
4612,1,A,2,
4613,3,,,
4614,1,C,4,
4615,3,,,
4616,3,,,
4617,1,W,W,
4618,3,,,
4619,1,A,4,
4620,1,E,E,
4621,1,A,4,
4622,3,,,
4623,2,,,4
4624,1,A,1,
4625,1,E,E,
4626,1,E,E,
4627,1,A,2,
4628,3,,,
4629,3,,,
4630,3,,,
4631,3,,,
4632,1,C,3,
4633,3,,,
4634,1,E,E,
4635,1,E,E,
4636,1,C,4,
4637,1,E,E,
4638,3,,,
4639,1,B,3,
4640,1,E,E,
4641,1,C,1,
4642,1,C,4,
4643,1,A,2,
4644,1,E,E,
4645,1,C,1,
4646,1,A,2,
4647,3,,,
4648,1,E,E,
4649,3,,,
4650,1,B,1,
4651,3,,,
4652,1,E,E,
4653,1,A,2,
4654,1,C,3,
4655,1,E,E,
4656,1,C,1,
4657,1,A,1,
4658,1,C,1,
4659,3,,,
4660,3,,,
4661,1,A,4,
4662,1,C,4,
4663,1,A,1,
4664,1,C,2,
4665,1,A,4,
4666,1,C,4,
4667,1,E,E,
4668,1,D,4,
4669,1,E,E,
4670,1,C,3,
4671,1,E,E,
4672,1,C,2,
4673,1,C,3,
4674,2,,,4
4675,1,D,3,
4676,1,C,4,
4677,1,A,3,
4678,1,B,4,
4679,1,A,2,
4680,1,B,3,
4681,3,,,
4682,1,B,2,
4683,1,B,1,
4684,1,C,1,
4685,1,A,1,
4686,1,C,1,
4687,3,,,
4688,3,,,
4689,1,A,2,
4690,3,,,
4691,1,E,E,
4692,3,,,
4693,1,E,E,
4694,1,E,E,
4695,1,C,2,
4696,1,C,2,
4697,1,E,E,
4698,1,E,E,
4699,1,C,2,
4700,3,,,
4701,1,C,4,
4702,1,A,1,
4703,1,B,3,
4704,3,,,
4705,1,C,3,
4706,3,,,
4707,1,C,1,
4708,1,E,E,
4709,1,D,2,
4710,3,,,
4711,1,E,E,
4712,1,E,E,
4713,1,A,2,
4714,1,E,E,
4715,1,C,4,
4716,1,C,2,
4717,1,C,4,
4718,1,A,4,
4719,3,,,
4720,1,B,4,
4721,1,E,E,
4722,1,A,4,
4723,1,C,1,
4724,1,C,4,
4725,1,E,E,
4726,1,A,3,
4727,3,,,
4728,3,,,
4729,3,,,
4730,2,,,C
4731,1,A,3,
4732,1,B,3,
4733,1,E,E,
4734,1,A,3,
4735,2,,,C
4736,2,,,C
4737,1,E,E,
4738,1,A,3,
4739,3,,,
4740,3,,,
4741,3,,,
4742,2,,,4
4743,1,D,3,
4744,1,A,1,
4745,1,C,1,
4746,1,E,E,
4747,1,C,1,
4748,2,,,C
4749,1,E,E,
4750,1,E,E,
4751,1,C,1,
4752,3,,,
4753,3,,,
4754,1,D,1,
4755,1,E,E,
4756,3,,,
4757,3,,,
4758,1,E,E,
4759,1,E,E,
4760,3,,,
4761,1,A,1,
4762,3,,,
4763,1,A,3,
4764,3,,,
4765,3,,,
4766,1,C,2,
4767,3,,,
4768,1,A,1,
4769,1,B,3,
4770,1,A,4,
4771,1,E,E,
4772,1,C,2,
4773,1,A,2,
4774,1,A,4,
4775,3,,,
4776,1,B,2,
4777,1,A,4,
4778,1,E,E,
4779,1,A,2,
4780,3,,,
4781,1,C,2,
4782,1,A,4,
4783,3,,,
4784,1,W,W,
4785,1,E,E,
4786,3,,,
4787,1,A,4,
4788,1,B,2,
4789,3,,,
4790,3,,,
4791,1,E,E,
4792,1,C,3,
4793,2,,,4
4794,3,,,
4795,1,A,3,
4796,2,,,C
4797,1,C,3,
4798,3,,,
4799,1,E,E,
4800,2,,,2
4801,1,E,E,
4802,1,A,1,
4803,2,,,4
4804,1,C,3,
4805,1,C,3,
4806,2,,,3
4807,1,C,3,
4808,3,,,
4809,1,B,1,
4810,1,C,3,
4811,1,A,3,
4812,1,E,E,
4813,1,A,4,
4814,1,E,E,
4815,1,A,4,
4816,3,,,
4817,1,E,E,
4818,1,C,4,
4819,1,A,4,
4820,1,A,3,
4821,1,B,1,
4822,1,C,4,
4823,1,D,1,
4824,2,,,C
4825,1,E,E,
4826,1,A,2,
4827,3,,,
4828,3,,,
4829,1,E,E,
4830,1,E,E,
4831,1,E,E,
4832,1,B,4,
4833,1,C,1,
4834,3,,,
4835,1,E,E,
4836,1,A,2,
4837,1,A,1,
4838,1,B,2,
4839,2,,,4
4840,3,,,
4841,1,B,4,
4842,1,E,E,
4843,1,C,4,
4844,1,C,3,
4845,1,C,1,
4846,3,,,
4847,1,D,1,
4848,3,,,
4849,1,D,4,
4850,2,,,C
4851,1,C,3,
4852,1,C,2,
4853,3,,,
4854,1,C,2,
4855,1,C,1,
4856,1,A,2,
4857,1,C,2,
4858,1,E,E,
4859,1,A,4,
4860,1,A,4,
4861,1,E,E,
4862,1,C,3,
4863,1,E,E,
4864,1,B,1,
4865,1,C,2,
4866,3,,,
4867,1,E,E,
4868,1,E,E,
4869,3,,,
4870,1,C,3,
4871,1,C,3,
4872,3,,,
4873,2,,,C
4874,1,C,4,
4875,1,A,1,
4876,3,,,
4877,1,A,4,
4878,1,A,1,
4879,1,E,E,
4880,1,E,E,
4881,3,,,
4882,1,A,3,
4883,3,,,
4884,1,B,4,
4885,1,E,E,
4886,2,,,1
4887,3,,,
4888,3,,,
4889,1,E,E,
4890,1,D,2,
4891,1,E,E,
4892,1,A,1,
4893,1,C,2,
4894,1,E,E,
4895,1,A,2,
4896,1,B,3,
4897,1,E,E,
4898,3,,,
4899,1,A,3,
4900,3,,,
4901,1,D,1,
4902,1,A,4,
4903,1,C,4,
4904,1,A,4,
4905,1,D,1,
4906,1,A,4,
4907,1,A,1,
4908,1,A,4,
4909,3,,,
4910,1,D,1,
4911,1,C,1,
4912,3,,,
4913,1,D,4,
4914,1,A,1,
4915,1,C,1,
4916,3,,,
4917,3,,,
4918,1,C,2,
4919,1,E,E,
4920,1,A,4,
4921,1,B,1,
4922,2,,,C
4923,2,,,C
4924,1,E,E,
4925,1,C,4,
4926,1,A,4,
4927,1,A,4,
4928,1,C,2,
4929,1,D,4,
4930,1,A,1,
4931,3,,,
4932,1,B,2,
4933,1,E,E,
4934,2,,,C
4935,3,,,
4936,1,A,3,
4937,3,,,
4938,3,,,
4939,3,,,
4940,1,C,4,
4941,3,,,
4942,1,B,3,
4943,3,,,
4944,3,,,
4945,1,A,3,
4946,1,C,1,
4947,2,,,1
4948,1,A,4,
4949,1,D,1,
4950,1,A,2,
4951,3,,,
4952,1,D,2,
4953,3,,,
4954,1,A,3,
4955,3,,,
4956,1,C,4,
4957,3,,,
4958,1,C,1,
4959,3,,,
4960,1,D,4,
4961,1,C,2,
4962,1,E,E,
4963,1,A,4,
4964,1,E,E,
4965,1,E,E,
4966,3,,,
4967,1,B,1,
4968,1,C,2,
4969,1,D,4,
4970,3,,,
4971,1,C,2,
4972,1,E,E,
4973,3,,,
4974,1,E,E,
4975,1,C,1,
4976,2,,,4
4977,1,C,3,
4978,1,E,E,
4979,1,C,4,
4980,1,C,1,
4981,2,,,2
4982,1,A,3,
4983,3,,,
4984,1,E,E,
4985,2,,,C
4986,1,E,E,
4987,1,E,E,
4988,1,A,2,
4989,3,,,
4990,1,A,1,
4991,1,C,4,
4992,1,D,3,
4993,1,E,E,
4994,2,,,3
4995,2,,,C
4996,3,,,
4997,3,,,
4998,1,E,E,
4999,1,C,3,
5000,1,B,4,
5001,1,B,3,
5002,1,A,1,
5003,1,A,3,
5004,3,,,
5005,1,C,2,
5006,1,B,4,
5007,1,C,2,
5008,1,D,4,
5009,2,,,C
5010,3,,,
5011,1,D,1,
5012,3,,,
5013,1,C,1,
5014,1,C,1,
5015,3,,,
5016,1,C,4,
5017,1,C,2,
5018,1,E,E,
5019,1,E,E,
5020,1,E,E,
5021,1,C,1,
5022,1,A,1,
5023,2,,,1
5024,1,E,E,
5025,1,C,4,
5026,2,,,C
5027,1,A,2,
5028,2,,,4
5029,1,B,4,
5030,1,D,2,
5031,1,A,4,
5032,3,,,
5033,1,C,3,
5034,1,A,1,
5035,3,,,
5036,3,,,
5037,1,A,2,
5038,1,C,1,
5039,3,,,
5040,3,,,
5041,1,B,3,
5042,1,E,E,
5043,3,,,
5044,2,,,4
5045,3,,,
5046,3,,,
5047,1,D,1,
5048,1,A,4,
5049,1,B,4,
5050,2,,,2
5051,1,B,2,
5052,1,A,2,
5053,1,E,E,
5054,3,,,
5055,1,A,4,
5056,3,,,
5057,1,E,E,
5058,1,A,1,
5059,1,C,4,
5060,2,,,C
5061,1,E,E,
5062,1,D,1,
5063,3,,,
5064,1,A,2,
5065,3,,,
5066,3,,,
5067,1,C,2,
5068,2,,,C
5069,1,B,4,
5070,1,A,3,
5071,1,b,3,
5072,1,B,1,
5073,1,C,3,
5074,1,W,W,
5075,1,C,3,
5076,1,E,E,
5077,1,D,2,
5078,1,E,E,
5079,2,,,1
5080,1,E,E,
5081,1,A,3,
5082,3,,,
5083,1,W,W,
5084,1,D,2,
5085,1,E,E,
5086,1,A,4,
5087,1,C,4,
5088,1,B,4,
5089,1,D,2,
5090,1,C,2,
5091,2,,,C
5092,1,C,2,
5093,3,,,
5094,3,,,
5095,1,C,1,
5096,1,A,3,
5097,1,A,2,
5098,1,E,E,
5099,3,,,
5100,3,,,
5101,1,C,1,
5102,1,C,4,
5103,2,,,C
5104,1,B,4,
5105,1,D,4,
5106,1,C,1,
5107,3,,,
5108,1,A,2,
5109,1,C,3,
5110,1,A,4,
5111,3,,,
5112,1,C,3,
5113,1,A,1,
5114,1,B,1,
5115,1,A,4,
5116,1,B,4,
5117,1,A,3,
5118,1,C,2,
5119,3,,,
5120,3,,,
5121,3,,,
5122,1,C,4,
5123,1,A,2,
5124,3,,,
5125,1,C,2,
5126,1,C,3,
5127,1,B,3,
5128,3,,,
5129,1,C,3,
5130,1,E,E,
5131,3,,,
5132,2,,,4
5133,1,E,E,
5134,3,,,
5135,1,B,2,
5136,1,E,E,
5137,1,E,E,
5138,3,,,
5139,3,,,
5140,3,,,
5141,1,A,3,
5142,3,,,
5143,1,E,E,
5144,1,A,2,
5145,1,C,1,
5146,1,W,W,
5147,1,E,E,
5148,1,C,1,
5149,1,C,4,
5150,1,A,3,
5151,1,A,1,
5152,1,B,4,
5153,1,C,3,
5154,2,,,1
5155,1,C,1,
5156,1,A,1,
5157,2,,,C
5158,1,A,3,
5159,2,,,C
5160,1,A,1,
5161,1,C,3,
5162,1,A,3,
5163,1,C,2,
5164,1,A,4,
5165,3,,,
5166,3,,,
5167,1,B,2,
5168,1,E,E,
5169,2,,,C
5170,3,,,
5171,1,W,W,
5172,1,B,4,
5173,1,D,3,
5174,1,E,E,
5175,1,E,E,
5176,1,C,4,
5177,3,,,
5178,1,A,3,
5179,1,C,3,
5180,1,A,2,
5181,1,A,1,
5182,1,D,2,
5183,3,,,
5184,1,C,2,
5185,1,A,4,
5186,3,,,
5187,3,,,
5188,2,,,3
5189,1,E,E,
5190,3,,,
5191,1,C,1,
5192,1,E,E,
5193,1,C,3,
5194,1,C,4,
5195,1,D,1,
5196,1,B,1,
5197,1,E,E,
5198,1,C,4,
5199,3,,,
5200,1,A,1,
5201,1,E,E,
5202,3,,,
5203,1,A,3,
5204,3,,,
5205,1,E,E,
5206,1,E,E,
5207,1,E,E,
5208,3,,,
5209,3,,,
5210,3,,,
5211,1,D,4,
5212,1,A,1,
5213,3,,,
5214,1,A,4,
5215,1,A,4,
5216,3,,,
5217,1,C,4,
5218,1,E,E,
5219,1,C,3,
5220,3,,,
5221,3,,,
5222,3,,,
5223,3,,,
5224,1,E,E,
5225,1,A,2,
5226,1,A,3,
5227,1,C,1,
5228,3,,,
5229,2,,,C
5230,1,B,3,
5231,3,,,
5232,1,E,E,
5233,3,,,
5234,3,,,
5235,1,C,1,
5236,1,E,E,
5237,1,E,E,
5238,1,E,E,
5239,2,,,4
5240,1,C,2,
5241,1,E,E,
5242,2,,,C
5243,3,,,
5244,3,,,
5245,1,E,E,
5246,1,E,E,
5247,1,C,4,
5248,1,E,E,
5249,1,C,1,
5250,3,,,
5251,1,C,2,
5252,3,,,
5253,1,B,2,
5254,1,E,E,
5255,3,,,
5256,3,,,
5257,1,E,E,
5258,1,D,3,
5259,2,,,2
5260,3,,,
5261,1,D,2,
5262,3,,,
5263,3,,,
5264,1,E,E,
5265,1,C,2,
5266,1,B,2,
5267,1,C,2,
5268,1,A,1,
5269,1,A,3,
5270,1,C,4,
5271,1,A,4,
5272,1,D,1,
5273,1,E,E,
5274,1,B,2,
5275,1,B,4,
5276,1,B,2,
5277,3,,,
5278,1,B,3,
5279,3,,,
5280,1,A,2,
5281,3,,,
5282,3,,,
5283,1,C,1,
5284,1,B,2,
5285,1,D,3,
5286,3,,,
5287,3,,,
5288,1,E,E,
5289,3,,,
5290,1,E,E,
5291,1,E,E,
5292,3,,,
5293,3,,,
5294,1,W,W,
5295,1,A,4,
5296,1,C,2,
5297,3,,,
5298,2,,,C
5299,3,,,
5300,3,,,
5301,2,,,1
5302,3,,,
5303,3,,,
5304,1,D,1,
5305,2,,,C
5306,1,E,E,
5307,1,D,2,
5308,1,C,4,
5309,1,A,2,
5310,1,C,2,
5311,2,,,1
5312,1,C,1,
5313,1,E,E,
5314,3,,,
5315,2,,,1
5316,1,C,2,
5317,1,C,1,
5318,1,C,4,
5319,1,C,4,
5320,3,,,
5321,1,A,4,
5322,3,,,
5323,1,A,3,
5324,1,C,1,
5325,1,A,3,
5326,1,C,3,
5327,3,,,
5328,1,E,E,
5329,3,,,
5330,2,,,4
5331,1,D,2,
5332,1,E,E,
5333,1,C,1,
5334,1,A,4,
5335,3,,,
5336,1,E,E,
5337,1,A,3,
5338,1,E,E,
5339,1,B,3,
5340,3,,,
5341,3,,,
5342,1,E,E,
5343,3,,,
5344,1,A,3,
5345,3,,,
5346,1,A,2,
5347,3,,,
5348,1,A,4,
5349,1,B,4,
5350,1,E,E,
5351,1,E,E,
5352,2,,,1
5353,3,,,
5354,1,A,3,
5355,1,A,4,
5356,1,E,E,
5357,3,,,
5358,1,C,3,
5359,3,,,
5360,2,,,2
5361,2,,,1
5362,1,B,4,
5363,1,A,1,
5364,1,A,1,
5365,3,,,
5366,1,E,E,
5367,1,A,1,
5368,1,A,3,
5369,1,A,2,
5370,1,C,1,
5371,3,,,
5372,3,,,
5373,1,C,3,
5374,1,A,3,
5375,1,C,1,
5376,1,D,2,
5377,1,C,4,
5378,1,A,3,
5379,1,E,E,
5380,3,,,
5381,1,C,2,
5382,1,C,2,
5383,1,E,E,
5384,3,,,
5385,1,E,E,
5386,1,E,E,
5387,2,,,2
5388,3,,,
5389,1,A,1,
5390,1,B,1,
5391,1,C,4,
5392,3,,,
5393,1,D,2,
5394,1,C,2,
5395,3,,,
5396,1,E,E,
5397,1,C,1,
5398,3,,,
5399,1,E,E,
5400,2,,,C
5401,3,,,
5402,1,A,2,
5403,3,,,
5404,3,,,
5405,3,,,
5406,1,C,4,
5407,1,C,3,
5408,1,A,1,
5409,1,E,E,
5410,2,,,2
5411,1,B,1,
5412,1,C,2,
5413,3,,,
5414,3,,,
5415,1,C,4,
5416,1,C,4,
5417,1,C,3,
5418,3,,,
5419,3,,,
5420,1,A,3,
5421,2,,,C
5422,1,E,E,
5423,1,E,E,
5424,3,,,
5425,1,C,3,
5426,1,E,E,
5427,3,,,
5428,1,C,2,
5429,1,C,1,
5430,1,E,E,
5431,3,,,
5432,3,,,
5433,3,,,
5434,1,E,E,
5435,3,,,
5436,3,,,
5437,2,,,C
5438,1,W,W,
5439,1,C,2,
5440,1,D,3,
5441,1,E,E,
5442,2,,,C
5443,1,E,E,
5444,3,,,
5445,3,,,
5446,1,A,3,
5447,1,A,2,
5448,3,,,
5449,1,B,2,
5450,1,E,E,
5451,1,E,E,
5452,3,,,
5453,1,A,3,
5454,3,,,
5455,1,C,3,
5456,1,A,1,
5457,1,C,2,
5458,1,D,4,
5459,1,B,4,
5460,1,E,E,
5461,1,B,3,
5462,1,A,1,
5463,1,B,1,
5464,1,C,4,
5465,1,W,W,
5466,1,D,3,
5467,1,D,4,
5468,1,D,1,
5469,1,C,1,
5470,1,E,E,
5471,1,A,2,
5472,1,A,1,
5473,1,E,E,
5474,1,E,E,
5475,1,C,2,
5476,1,C,2,
5477,1,A,4,
5478,3,,,
5479,3,,,
5480,1,A,4,
5481,1,B,4,
5482,3,,,
5483,1,C,3,
5484,3,,,
5485,1,E,E,
5486,2,,,4
5487,3,,,
5488,1,D,2,
5489,3,,,
5490,1,A,2,
5491,1,E,E,
5492,3,,,
5493,1,C,3,
5494,1,E,E,
5495,3,,,
5496,1,E,E,
5497,1,E,E,
5498,1,E,E,
5499,1,E,E,
5500,1,C,2,
5501,1,C,3,
5502,1,E,E,
5503,1,D,4,
5504,1,C,3,
5505,1,C,4,
5506,3,,,
5507,1,C,4,
5508,1,D,3,
5509,3,,,
5510,1,A,4,
5511,1,D,2,
5512,3,,,
5513,1,A,4,
5514,3,,,
5515,3,,,
5516,3,,,
5517,1,A,4,
5518,1,C,3,
5519,3,,,
5520,1,E,E,
5521,2,,,C
5522,1,A,4,
5523,3,,,
5524,1,A,4,
5525,1,A,1,
5526,1,C,2,
5527,1,B,1,
5528,1,A,1,
5529,3,,,
5530,2,,,C
5531,1,A,3,
5532,3,,,
5533,3,,,
5534,3,,,
5535,3,,,
5536,3,,,
5537,1,A,4,
5538,3,,,
5539,1,C,1,
5540,1,E,E,
5541,3,,,
5542,3,,,
5543,3,,,
5544,3,,,
5545,1,A,1,
5546,1,B,1,
5547,1,A,1,
5548,2,,,1
5549,1,D,4,
5550,1,E,E,
5551,1,E,E,
5552,1,B,1,
5553,3,,,
5554,1,E,E,
5555,3,,,
5556,1,A,2,
5557,1,C,1,
5558,2,,,2
5559,1,A,2,
5560,1,D,3,
5561,1,E,E,
5562,3,,,
5563,1,A,2,
5564,3,,,
5565,1,C,3,
5566,1,E,E,
5567,2,,,1
5568,1,A,3,
5569,3,,,
5570,1,E,E,
5571,3,,,
5572,1,E,E,
5573,1,E,E,
5574,3,,,
5575,2,,,C
5576,3,,,
5577,1,C,1,
5578,1,D,1,
5579,3,,,
5580,1,C,1,
5581,1,B,1,
5582,3,,,
5583,1,A,1,
5584,1,B,1,
5585,1,A,1,
5586,3,,,
5587,3,,,
5588,2,,,2
5589,1,A,4,
5590,2,,,C
5591,1,A,3,
5592,3,,,
5593,1,B,2,
5594,1,A,3,
5595,1,B,1,
5596,3,,,
5597,1,E,E,
5598,1,C,1,
5599,1,C,4,
5600,1,C,3,
5601,1,C,1,
5602,1,E,E,
5603,1,B,3,
5604,1,W,W,
5605,1,C,1,
5606,1,B,2,
5607,1,E,E,
5608,1,E,E,
5609,2,,,1
5610,1,A,2,
5611,1,C,2,
5612,2,,,3
5613,2,,,2
5614,2,,,C
5615,1,A,1,
5616,1,E,E,
5617,1,C,3,
5618,1,A,4,
5619,1,C,2,
5620,1,A,1,
5621,3,,,
5622,1,C,4,
5623,3,,,
5624,3,,,
5625,3,,,
5626,1,C,1,
5627,1,B,2,
5628,3,,,
5629,3,,,
5630,1,C,1,
5631,1,E,E,
5632,1,A,3,
5633,3,,,
5634,1,C,3,
5635,1,E,E,
5636,1,B,1,
5637,1,C,3,
5638,1,A,4,
5639,1,A,1,
5640,3,,,
5641,1,A,2,
5642,1,C,3,
5643,1,C,2,
5644,1,B,3,
5645,1,A,4,
5646,1,D,3,
5647,1,W,W,
5648,1,E,E,
5649,1,D,2,
5650,1,E,E,
5651,1,C,2,
5652,1,A,4,
5653,1,C,2,
5654,1,C,3,
5655,1,A,2,
5656,1,E,E,
5657,1,C,1,
5658,1,D,2,
5659,3,,,
5660,1,A,1,
5661,3,,,
5662,1,A,3,
5663,2,,,1
5664,3,,,
5665,3,,,
5666,3,,,
5667,1,A,3,
5668,1,D,4,
5669,1,C,1,
5670,3,,,
5671,1,C,1,
5672,3,,,
5673,3,,,
5674,1,C,4,
5675,1,C,3,
5676,3,,,
5677,3,,,
5678,2,,,3
5679,1,C,4,
5680,1,C,2,
5681,3,,,
5682,3,,,
5683,1,A,2,
5684,1,C,2,
5685,2,,,C
5686,1,E,E,
5687,1,D,3,
5688,2,,,2
5689,1,B,4,
5690,3,,,
5691,1,C,1,
5692,3,,,
5693,1,A,3,
5694,2,,,C
5695,3,,,
5696,1,E,E,
5697,1,C,4,
5698,3,,,
5699,3,,,
5700,3,,,
5701,1,D,1,
5702,3,,,
5703,2,,,3
5704,3,,,
5705,3,,,
5706,3,,,
5707,1,A,4,
5708,3,,,
5709,3,,,
5710,1,C,2,
5711,1,D,2,
5712,1,A,4,
5713,2,,,C
5714,1,B,3,
5715,1,D,2,
5716,1,C,3,
5717,1,D,3,
5718,1,D,1,
5719,1,C,1,
5720,3,,,
5721,1,W,W,
5722,2,,,3
5723,3,,,
5724,3,,,
5725,1,A,1,
5726,1,A,2,
5727,1,A,2,
5728,3,,,
5729,1,C,1,
5730,1,A,3,
5731,3,,,
5732,1,B,1,
5733,1,A,2,
5734,1,B,1,
5735,1,E,E,
5736,1,A,3,
5737,1,E,E,
5738,3,,,
5739,3,,,
5740,1,D,3,
5741,1,B,3,
5742,3,,,
5743,2,,,1
5744,3,,,
5745,1,A,1,
5746,1,D,4,
5747,1,W,W,
5748,1,C,3,
5749,1,A,4,
5750,2,,,C
5751,1,C,1,
5752,2,,,2
5753,3,,,
5754,1,C,3,
5755,1,E,E,
5756,1,E,E,
5757,1,C,1,
5758,3,,,
5759,3,,,
5760,1,A,2,
5761,3,,,
5762,2,,,1
5763,1,A,1,
5764,1,A,3,
5765,1,C,1,
5766,1,A,3,
5767,2,,,C
5768,2,,,4
5769,3,,,
5770,1,A,2,
5771,1,B,4,
5772,1,A,1,
5773,1,C,4,
5774,3,,,
5775,1,A,4,
5776,1,C,2,
5777,3,,,
5778,3,,,
5779,1,A,1,
5780,1,A,3,
5781,1,C,3,
5782,2,,,2
5783,1,A,2,
5784,1,D,4,
5785,3,,,
5786,1,C,1,
5787,3,,,
5788,1,A,3,
5789,1,C,3,
5790,1,B,4,
5791,2,,,1
5792,3,,,
5793,2,,,C
5794,1,A,3,
5795,1,D,1,
5796,1,C,1,
5797,3,,,
5798,3,,,
5799,1,E,E,
5800,3,,,
5801,2,,,C
5802,3,,,
5803,1,A,2,
5804,1,C,1,
5805,1,D,3,
5806,1,A,2,
5807,1,E,E,
5808,1,C,4,
5809,1,C,2,
5810,2,,,C
5811,1,E,E,
5812,1,C,2,
5813,3,,,
5814,1,C,4,
5815,1,C,4,
5816,1,D,4,
5817,2,,,4
5818,1,C,1,
5819,1,E,E,
5820,2,,,2
5821,3,,,
5822,3,,,
5823,1,E,E,
5824,1,D,4,
5825,3,,,
5826,3,,,
5827,1,E,E,
5828,2,,,C
5829,1,C,4,
5830,1,A,3,
5831,1,A,2,
5832,1,E,E,
5833,1,C,1,
5834,1,B,3,
5835,1,E,E,
5836,3,,,
5837,1,A,2,
5838,1,E,E,
5839,2,,,4
5840,1,C,3,
5841,1,A,4,
5842,2,,,2
5843,1,E,E,
5844,1,C,1,
5845,1,D,1,
5846,1,E,E,
5847,1,C,1,
5848,1,E,E,
5849,3,,,
5850,3,,,
5851,1,C,2,
5852,1,C,3,
5853,1,A,4,
5854,3,,,
5855,3,,,
5856,3,,,
5857,1,E,E,
5858,3,,,
5859,1,A,2,
5860,3,,,
5861,1,B,1,
5862,1,W,W,
5863,1,C,4,
5864,1,A,2,
5865,3,,,
5866,1,E,E,
5867,1,C,1,
5868,1,A,2,
5869,3,,,
5870,1,A,4,
5871,1,C,4,
5872,2,,,4
5873,1,A,2,
5874,3,,,
5875,1,W,W,
5876,3,,,
5877,1,D,3,
5878,1,B,1,
5879,1,C,4,
5880,1,C,3,
5881,2,,,C
5882,1,E,E,
5883,3,,,
5884,1,A,4,
5885,3,,,
5886,2,,,4
5887,1,B,1,
5888,1,D,1,
5889,1,C,3,
5890,1,D,1,
5891,1,C,1,
5892,1,D,2,
5893,1,A,4,
5894,1,A,3,
5895,3,,,
5896,3,,,
5897,2,,,3
5898,3,,,
5899,1,A,4,
5900,1,E,E,
5901,3,,,
5902,3,,,
5903,1,B,2,
5904,3,,,
5905,1,A,1,
5906,1,C,4,
5907,1,C,1,
5908,1,A,1,
5909,1,B,4,
5910,1,E,E,
5911,3,,,
5912,1,C,4,
5913,1,E,E,
5914,1,B,2,
5915,1,B,4,
5916,3,,,
5917,1,C,2,
5918,1,C,4,
5919,3,,,
5920,3,,,
5921,1,E,E,
5922,1,A,3,
5923,1,C,1,
5924,1,E,E,
5925,1,C,2,
5926,1,W,W,
5927,1,B,3,
5928,1,B,2,
5929,1,C,1,
5930,3,,,
5931,1,C,3,
5932,1,C,2,
5933,1,D,2,
5934,1,E,E,
5935,1,A,4,
5936,1,C,1,
5937,1,A,3,
5938,3,,,
5939,1,C,1,
5940,2,,,C
5941,1,A,4,
5942,1,A,2,
5943,1,C,3,
5944,3,,,
5945,1,A,2,
5946,2,,,C
5947,3,,,
5948,1,E,E,
5949,1,E,E,
5950,3,,,
5951,1,E,E,
5952,1,B,2,
5953,3,,,
5954,1,D,4,
5955,2,,,2
5956,2,,,C
5957,1,E,E,
5958,2,,,4
5959,1,A,3,
5960,3,,,
5961,3,,,
5962,1,A,4,
5963,3,,,
5964,1,D,4,
5965,1,B,4,
5966,1,A,1,
5967,1,A,4,
5968,1,C,2,
5969,1,A,4,
5970,3,,,
5971,1,D,2,
5972,1,C,4,
5973,1,C,4,
5974,2,,,1
5975,1,A,4,
5976,1,B,3,
5977,1,E,E,
5978,1,C,2,
5979,1,A,3,
5980,3,,,
5981,1,A,4,
5982,1,A,1,
5983,1,C,4,
5984,1,C,2,
5985,2,,,1
5986,2,,,1
5987,1,B,2,
5988,1,C,2,
5989,1,B,3,
5990,3,,,
5991,1,C,4,
5992,3,,,
5993,1,C,2,
5994,1,E,E,
5995,1,A,2,
5996,3,,,
5997,1,C,1,
5998,3,,,
5999,1,A,3,
6000,1,C,2,
6001,1,C,1,
6002,1,C,2,
6003,1,C,2,
6004,2,,,C
6005,1,W,W,
6006,1,D,3,
6007,1,C,1,
6008,3,,,
6009,3,,,
6010,3,,,
6011,1,E,E,
6012,1,B,1,
6013,1,B,4,
6014,1,A,2,
6015,3,,,
6016,1,A,2,
6017,1,E,E,
6018,1,C,3,
6019,3,,,
6020,1,A,3,
6021,1,A,1,
6022,2,,,4
6023,1,C,2,
6024,1,A,3,
6025,2,,,2
6026,1,E,E,
6027,1,A,2,
6028,1,E,E,
6029,1,E,E,
6030,3,,,
6031,1,b,3,
6032,1,C,4,
6033,1,E,E,
6034,1,W,W,
6035,1,A,2,
6036,3,,,
6037,1,A,1,
6038,1,E,E,
6039,1,E,E,
6040,1,D,3,
6041,1,A,3,
6042,3,,,
6043,1,D,2,
6044,2,,,3
6045,3,,,
6046,1,B,4,
6047,1,C,4,
6048,1,E,E,
6049,1,A,3,
6050,1,A,3,
6051,3,,,
6052,1,E,E,
6053,1,A,1,
6054,1,W,W,
6055,1,E,E,
6056,3,,,
6057,1,E,E,
6058,1,E,E,
6059,1,C,4,
6060,3,,,
6061,1,C,3,
6062,3,,,
6063,1,C,1,
6064,2,,,C
6065,1,B,2,
6066,1,W,W,
6067,1,A,2,
6068,1,C,4,
6069,3,,,
6070,2,,,C
6071,3,,,
6072,3,,,
6073,3,,,
6074,1,W,W,
6075,3,,,
6076,3,,,
6077,3,,,
6078,3,,,
6079,3,,,
6080,1,W,W,
6081,1,C,4,
6082,1,C,2,
6083,3,,,
6084,3,,,
6085,1,B,3,
6086,1,A,1,
6087,1,A,4,
6088,1,E,E,
6089,1,D,1,
6090,2,,,2
6091,1,C,4,
6092,1,D,4,
6093,3,,,
6094,1,C,3,
6095,3,,,
6096,1,C,1,
6097,1,A,2,
6098,3,,,
6099,3,,,
6100,1,W,W,
6101,3,,,
6102,3,,,
6103,3,,,
6104,1,D,1,
6105,3,,,
6106,2,,,C
6107,1,E,E,
6108,1,A,1,
6109,1,A,4,
6110,3,,,
6111,3,,,
6112,1,A,2,
6113,1,B,1,
6114,3,,,
6115,1,A,3,
6116,1,C,3,
6117,1,C,2,
6118,1,A,4,
6119,1,D,2,
6120,1,E,E,
6121,2,,,C
6122,1,B,3,
6123,1,E,E,
6124,3,,,
6125,3,,,
6126,2,,,C
6127,2,,,1
6128,1,D,1,
6129,1,C,1,
6130,1,C,4,
6131,3,,,
6132,3,,,
6133,3,,,
6134,1,C,1,
6135,3,,,
6136,3,,,
6137,1,D,4,
6138,3,,,
6139,3,,,
6140,1,A,3,
6141,1,A,1,
6142,1,B,1,
6143,3,,,
6144,1,A,3,
6145,1,E,E,
6146,1,C,1,
6147,3,,,
6148,1,E,E,
6149,1,A,3,
6150,3,,,
6151,3,,,
6152,2,,,4
6153,1,A,2,
6154,1,A,4,
6155,1,C,2,
6156,1,E,E,
6157,1,A,4,
6158,1,E,E,
6159,1,E,E,
6160,1,A,1,
6161,3,,,
6162,1,A,2,
6163,1,C,1,
6164,3,,,
6165,1,C,4,
6166,3,,,
6167,3,,,
6168,1,A,2,
6169,1,A,2,
6170,1,C,3,
6171,1,A,2,
6172,1,B,1,
6173,3,,,
6174,1,E,E,
6175,3,,,
6176,1,E,E,
6177,1,C,1,
6178,1,A,4,
6179,3,,,
6180,1,E,E,
6181,1,A,2,
6182,1,C,4,
6183,1,C,2,
6184,1,D,2,
6185,1,D,4,
6186,1,C,1,
6187,1,C,4,
6188,3,,,
6189,1,C,3,
6190,1,C,1,
6191,1,W,W,
6192,3,,,
6193,1,C,4,
6194,2,,,C
6195,3,,,
6196,3,,,
6197,1,D,4,
6198,1,D,4,
6199,1,A,2,
6200,3,,,
6201,3,,,
6202,3,,,
6203,1,A,1,
6204,3,,,
6205,1,A,3,
6206,1,C,1,
6207,1,A,4,
6208,1,E,E,
6209,1,D,3,
6210,1,D,3,
6211,3,,,
6212,1,A,3,
6213,3,,,
6214,1,E,E,
6215,3,,,
6216,1,C,2,
6217,1,A,4,
6218,2,,,1
6219,1,E,E,
6220,2,,,C
6221,3,,,
6222,1,C,2,
6223,1,C,2,
6224,1,E,E,
6225,3,,,
6226,1,C,1,
6227,1,D,3,
6228,2,,,C
6229,1,D,4,
6230,1,B,1,
6231,2,,,2
6232,1,D,1,
6233,3,,,
6234,1,A,4,
6235,1,A,2,
6236,1,A,1,
6237,3,,,
6238,1,C,3,
6239,1,E,E,
6240,1,E,E,
6241,1,E,E,
6242,1,D,4,
6243,3,,,
6244,1,A,2,
6245,3,,,
6246,1,C,3,
6247,1,A,1,
6248,3,,,
6249,1,E,E,
6250,1,A,1,
6251,1,D,2,
6252,1,D,2,
6253,1,E,E,
6254,1,E,E,
6255,3,,,
6256,3,,,
6257,1,C,4,
6258,1,E,E,
6259,1,B,4,
6260,3,,,
6261,1,A,2,
6262,3,,,
6263,1,D,3,
6264,1,D,2,
6265,3,,,
6266,1,C,2,
6267,1,D,2,
6268,1,C,2,
6269,3,,,
6270,1,E,E,
6271,1,C,2,
6272,1,E,E,
6273,1,C,1,
6274,1,C,1,
6275,1,A,3,
6276,1,A,2,
6277,1,C,3,
6278,3,,,
6279,1,C,4,
6280,1,A,4,
6281,1,E,E,
6282,3,,,
6283,1,A,2,
6284,3,,,
6285,1,C,2,
6286,1,A,4,
6287,1,C,3,
6288,3,,,
6289,1,D,1,
6290,3,,,
6291,1,A,3,
6292,1,A,4,
6293,1,B,3,
6294,3,,,
6295,1,E,E,
6296,3,,,
6297,3,,,
6298,1,E,E,
6299,3,,,
6300,3,,,
6301,1,E,E,
6302,3,,,
6303,2,,,C
6304,3,,,
6305,1,A,3,
6306,1,C,1,
6307,1,E,E,
6308,1,B,2,
6309,3,,,
6310,1,C,4,
6311,3,,,
6312,1,E,E,
6313,1,C,4,
6314,1,B,3,
6315,1,A,4,
6316,1,E,E,
6317,1,C,4,
6318,1,C,4,
6319,1,A,1,
6320,3,,,
6321,1,E,E,
6322,1,A,2,
6323,3,,,
6324,1,A,1,
6325,1,C,2,
6326,1,D,1,
6327,1,E,E,
6328,1,B,4,
6329,2,,,C
6330,3,,,
6331,3,,,
6332,1,W,W,
6333,1,A,3,
6334,1,D,1,
6335,1,A,3,
6336,1,C,1,
6337,1,C,4,
6338,1,A,3,
6339,3,,,
6340,1,B,1,
6341,2,,,2
6342,1,W,W,
6343,1,A,2,
6344,3,,,
6345,1,A,4,
6346,3,,,
6347,3,,,
6348,2,,,3
6349,2,,,2
6350,3,,,
6351,1,A,2,
6352,1,B,1,
6353,3,,,
6354,3,,,
6355,2,,,C
6356,1,C,3,
6357,3,,,
6358,2,,,C
6359,1,C,1,
6360,3,,,
6361,3,,,
6362,1,A,2,
6363,1,A,1,
6364,3,,,
6365,1,D,4,
6366,1,C,3,
6367,1,C,4,
6368,3,,,
6369,1,A,4,
6370,1,A,3,
6371,1,C,3,
6372,2,,,C
6373,1,A,2,
6374,1,C,2,
6375,1,A,1,
6376,2,,,C
6377,1,B,4,
6378,3,,,
6379,1,A,4,
6380,1,D,2,
6381,1,D,3,
6382,1,A,2,
6383,1,E,E,
6384,1,E,E,
6385,3,,,
6386,1,B,2,
6387,3,,,
6388,3,,,
6389,2,,,1
6390,1,A,3,
6391,1,D,4,
6392,1,E,E,
6393,1,D,2,
6394,1,E,E,
6395,1,D,2,
6396,3,,,
6397,1,D,4,
6398,1,C,2,
6399,1,A,4,
6400,3,,,
6401,3,,,
6402,2,,,4
6403,3,,,
6404,1,A,4,
6405,1,A,1,
6406,3,,,
6407,1,C,4,
6408,3,,,
6409,3,,,
6410,1,E,E,
6411,1,E,E,
6412,1,B,3,
6413,3,,,
6414,3,,,
6415,1,A,3,
6416,3,,,
6417,1,D,4,
6418,3,,,
6419,3,,,
6420,1,A,4,
6421,1,C,4,
6422,1,C,3,
6423,3,,,
6424,3,,,
6425,1,D,3,
6426,1,E,E,
6427,1,W,W,
6428,1,A,2,
6429,3,,,
6430,1,C,1,
6431,1,E,E,
6432,3,,,
6433,1,E,E,
6434,1,C,2,
6435,1,B,1,
6436,1,E,E,
6437,1,A,2,
6438,3,,,
6439,1,D,1,
6440,1,A,1,
6441,1,B,2,
6442,1,C,3,
6443,1,E,E,
6444,1,E,E,
6445,1,E,E,
6446,1,A,1,
6447,3,,,
6448,1,D,3,
6449,3,,,
6450,3,,,
6451,1,D,4,
6452,2,,,3
6453,2,,,2
6454,1,A,4,
6455,3,,,
6456,1,D,2,
6457,1,D,2,
6458,2,,,C
6459,1,E,E,
6460,1,E,E,
6461,1,C,3,
6462,3,,,
6463,1,A,1,
6464,1,E,E,
6465,1,C,3,
6466,1,E,E,
6467,1,B,1,
6468,1,A,2,
6469,1,E,E,
6470,3,,,
6471,1,A,3,
6472,3,,,
6473,3,,,
6474,1,B,2,
6475,3,,,
6476,1,E,E,
6477,1,C,1,
6478,1,E,E,
6479,1,A,2,
6480,2,,,4
6481,3,,,
6482,1,E,E,
6483,1,C,1,
6484,3,,,
6485,3,,,
6486,1,A,2,
6487,1,C,2,
6488,1,A,3,
6489,1,C,2,
6490,1,E,E,
6491,1,D,2,
6492,1,C,1,
6493,1,E,E,
6494,1,C,4,
6495,1,A,3,
6496,1,D,1,
6497,3,,,
6498,1,C,2,
6499,1,C,1,
6500,1,A,4,
6501,3,,,
6502,1,A,4,
6503,1,C,1,
6504,1,C,2,
6505,1,C,4,
6506,1,A,3,
6507,1,D,3,
6508,1,A,3,
6509,1,A,1,
6510,3,,,
6511,3,,,
6512,2,,,2
6513,3,,,
6514,1,D,3,
6515,3,,,
6516,1,A,4,
6517,1,A,2,
6518,1,D,1,
6519,3,,,
6520,2,,,C
6521,2,,,4
6522,1,A,4,
6523,1,C,1,
6524,1,B,1,
6525,1,A,1,
6526,1,C,4,
6527,3,,,
6528,1,C,2,
6529,1,B,2,
6530,1,A,1,
6531,3,,,
6532,2,,,C
6533,1,E,E,
6534,3,,,
6535,3,,,
6536,1,C,2,
6537,2,,,4
6538,3,,,
6539,1,C,3,
6540,2,,,2
6541,1,E,E,
6542,1,C,1,
6543,1,C,3,
6544,3,,,
6545,1,B,2,
6546,1,B,4,
6547,1,E,E,
6548,1,E,E,
6549,1,D,4,
6550,1,A,3,
6551,1,A,1,
6552,3,,,
6553,1,C,2,
6554,1,D,1,
6555,2,,,1
6556,3,,,
6557,1,A,4,
6558,1,B,3,
6559,1,A,4,
6560,1,C,1,
6561,1,B,1,
6562,3,,,
6563,3,,,
6564,1,E,E,
6565,1,A,4,
6566,1,C,3,
6567,1,C,4,
6568,1,E,E,
6569,2,,,2
6570,1,D,2,
6571,1,C,3,
6572,1,B,3,
6573,1,A,3,
6574,3,,,
6575,1,E,E,
6576,1,A,2,
6577,1,E,E,
6578,1,W,W,
6579,1,B,3,
6580,1,A,2,
6581,3,,,
6582,1,C,1,
6583,1,C,4,
6584,1,A,1,
6585,1,E,E,
6586,1,A,4,
6587,3,,,
6588,1,B,3,
6589,3,,,
6590,1,B,1,
6591,1,E,E,
6592,3,,,
6593,1,C,3,
6594,3,,,
6595,2,,,C
6596,3,,,
6597,1,B,4,
6598,3,,,
6599,1,A,4,
6600,1,E,E,
6601,2,,,4
6602,1,W,W,
6603,1,B,3,
6604,1,C,3,
6605,3,,,
6606,1,A,2,
6607,1,E,E,
6608,3,,,
6609,2,,,4
6610,1,D,3,
6611,1,C,1,
6612,1,C,3,
6613,1,E,E,
6614,1,A,3,
6615,3,,,
6616,3,,,
6617,3,,,
6618,1,E,E,
6619,1,B,3,
6620,3,,,
6621,1,C,3,
6622,3,,,
6623,1,A,4,
6624,2,,,3
6625,1,C,3,
6626,1,A,2,
6627,2,,,2
6628,1,C,4,
6629,1,C,4,
6630,3,,,
6631,1,E,E,
6632,1,A,4,
6633,1,A,3,
6634,1,E,E,
6635,3,,,
6636,1,A,3,
6637,1,C,2,
6638,1,A,2,
6639,1,B,1,
6640,1,B,4,
6641,3,,,
6642,3,,,
6643,1,B,2,
6644,2,,,4
6645,3,,,
6646,1,E,E,
6647,1,C,4,
6648,1,D,3,
6649,2,,,2
6650,3,,,
6651,1,A,4,
6652,1,D,1,
6653,1,A,1,
6654,2,,,2
6655,1,A,3,
6656,1,E,E,
6657,1,W,W,
6658,1,A,2,
6659,1,W,W,
6660,1,C,4,
6661,1,E,E,
6662,3,,,
6663,1,C,1,
6664,1,C,4,
6665,1,B,4,
6666,3,,,
6667,1,D,2,
6668,1,C,1,
6669,1,D,4,
6670,2,,,C
6671,3,,,
6672,1,C,4,
6673,3,,,
6674,1,A,2,
6675,3,,,
6676,1,E,E,
6677,1,B,3,
6678,1,E,E,
6679,1,C,3,
6680,3,,,
6681,1,C,2,
6682,1,E,E,
6683,1,A,2,
6684,1,D,3,
6685,1,A,2,
6686,1,A,2,
6687,1,B,4,
6688,3,,,
6689,3,,,
6690,1,A,1,
6691,3,,,
6692,3,,,
6693,3,,,
6694,1,A,1,
6695,2,,,C
6696,3,,,
6697,1,E,E,
6698,3,,,
6699,1,C,2,
6700,1,C,2,
6701,2,,,4
6702,3,,,
6703,1,A,2,
6704,1,C,4,
6705,1,B,2,
6706,1,B,2,
6707,3,,,
6708,1,C,2,
6709,1,E,E,
6710,3,,,
6711,3,,,
6712,3,,,
6713,3,,,
6714,1,D,3,
6715,1,C,1,
6716,1,A,4,
6717,2,,,1
6718,1,A,1,
6719,1,E,E,
6720,1,E,E,
6721,1,W,W,
6722,2,,,4
6723,3,,,
6724,1,C,4,
6725,1,E,E,
6726,2,,,4
6727,3,,,
6728,3,,,
6729,1,C,4,
6730,1,E,E,
6731,3,,,
6732,1,C,4,
6733,2,,,C
6734,1,C,3,
6735,1,E,E,
6736,1,C,3,
6737,1,A,2,
6738,1,C,1,
6739,1,A,4,
6740,1,A,1,
6741,3,,,
6742,1,C,1,
6743,1,E,E,
6744,3,,,
6745,2,,,C
6746,1,A,4,
6747,1,D,3,
6748,3,,,
6749,3,,,
6750,1,A,4,
6751,1,E,E,
6752,1,C,4,
6753,1,D,4,
6754,1,A,4,
6755,1,A,2,
6756,1,B,3,
6757,3,,,
6758,1,C,4,
6759,3,,,
6760,1,A,2,
6761,3,,,
6762,1,C,2,
6763,3,,,
6764,1,B,1,
6765,3,,,
6766,1,E,E,
6767,3,,,
6768,1,C,2,
6769,1,E,E,
6770,1,E,E,
6771,1,A,2,
6772,3,,,
6773,1,C,4,
6774,1,A,2,
6775,1,E,E,
6776,1,D,2,
6777,3,,,
6778,1,D,4,
6779,1,D,1,
6780,3,,,
6781,3,,,
6782,1,A,1,
6783,2,,,C
6784,1,D,4,
6785,1,C,1,
6786,1,D,4,
6787,1,C,3,
6788,1,C,1,
6789,1,B,1,
6790,1,C,3,
6791,1,A,4,
6792,3,,,
6793,1,D,4,
6794,1,C,4,
6795,3,,,
6796,1,A,3,
6797,3,,,
6798,3,,,
6799,1,E,E,
6800,1,C,4,
6801,1,A,4,
6802,3,,,
6803,1,E,E,
6804,1,B,1,
6805,1,D,3,
6806,1,E,E,
6807,1,A,3,
6808,3,,,
6809,1,A,1,
6810,1,E,E,
6811,1,E,E,
6812,1,A,3,
6813,1,A,3,
6814,1,A,3,
6815,1,B,3,
6816,3,,,
6817,1,E,E,
6818,1,A,3,
6819,1,E,E,
6820,1,C,1,
6821,1,C,4,
6822,1,C,4,
6823,3,,,
6824,3,,,
6825,1,C,1,
6826,1,E,E,
6827,1,C,1,
6828,1,E,E,
6829,1,A,2,
6830,1,C,2,
6831,1,W,W,
6832,1,C,3,
6833,3,,,
6834,3,,,
6835,2,,,2
6836,1,E,E,
6837,3,,,
6838,1,B,3,
6839,1,E,E,
6840,1,E,E,
6841,1,A,3,
6842,3,,,
6843,3,,,
6844,3,,,
6845,1,E,E,
6846,1,C,4,
6847,2,,,1
6848,1,A,4,
6849,1,B,2,
6850,3,,,
6851,1,A,1,
6852,1,B,3,
6853,1,A,2,
6854,1,E,E,
6855,3,,,
6856,1,D,2,
6857,1,A,1,
6858,3,,,
6859,1,A,3,
6860,1,C,4,
6861,3,,,
6862,3,,,
6863,1,A,4,
6864,1,C,1,
6865,1,C,3,
6866,1,B,3,
6867,2,,,C
6868,1,C,4,
6869,1,A,2,
6870,1,E,E,
6871,1,E,E,
6872,3,,,
6873,3,,,
6874,3,,,
6875,1,B,2,
6876,1,E,E,
6877,1,B,3,
6878,3,,,
6879,3,,,
6880,1,A,1,
6881,1,E,E,
6882,1,D,4,
6883,1,D,3,
6884,1,B,2,
6885,1,C,1,
6886,1,A,4,
6887,3,,,
6888,2,,,4
6889,1,C,1,
6890,1,C,1,
6891,3,,,
6892,1,C,3,
6893,3,,,
6894,1,C,3,
6895,1,E,E,
6896,2,,,C
6897,3,,,
6898,1,A,1,
6899,2,,,C
6900,1,C,1,
6901,1,A,2,
6902,1,E,E,
6903,1,C,4,
6904,1,B,1,
6905,1,A,1,
6906,1,E,E,
6907,1,A,1,
6908,3,,,
6909,2,,,1
6910,1,D,1,
6911,1,C,3,
6912,3,,,
6913,1,A,3,
6914,1,C,3,
6915,1,C,1,
6916,2,,,3
6917,1,C,3,
6918,1,B,2,
6919,1,E,E,
6920,1,W,W,
6921,1,D,1,
6922,1,B,4,
6923,1,D,2,
6924,1,E,E,
6925,3,,,
6926,1,C,3,
6927,2,,,3
6928,3,,,
6929,3,,,
6930,1,A,3,
6931,1,D,2,
6932,3,,,
6933,1,B,4,
6934,1,A,3,
6935,1,A,4,
6936,1,A,2,
6937,2,,,C
6938,1,E,E,
6939,2,,,1
6940,1,C,2,
6941,1,A,1,
6942,1,A,4,
6943,1,B,2,
6944,1,A,2,
6945,3,,,
6946,2,,,3
6947,1,C,1,
6948,3,,,
6949,1,A,2,
6950,2,,,3
6951,1,E,E,
6952,1,E,E,
6953,1,E,E,
6954,1,A,1,
6955,3,,,
6956,3,,,
6957,1,A,4,
6958,3,,,
6959,1,C,2,
6960,1,C,1,
6961,1,E,E,
6962,1,E,E,
6963,1,W,W,
6964,3,,,
6965,1,A,4,
6966,1,C,3,
6967,3,,,
6968,1,A,3,
6969,1,E,E,
6970,1,A,1,
6971,3,,,
6972,3,,,
6973,1,D,1,
6974,1,E,E,
6975,1,B,1,
6976,1,E,E,
6977,1,A,1,
6978,1,E,E,
6979,3,,,
6980,3,,,
6981,1,E,E,
6982,1,A,4,
6983,3,,,
6984,1,B,4,
6985,1,A,2,
6986,1,D,3,
6987,1,E,E,
6988,1,A,3,
6989,1,C,2,
6990,3,,,
6991,3,,,
6992,1,B,3,
6993,3,,,
6994,1,C,1,
6995,1,C,2,
6996,1,B,3,
6997,1,C,3,
6998,2,,,3
6999,2,,,C
7000,1,C,4,
7001,2,,,C
7002,1,B,2,
7003,1,C,1,
7004,1,D,2,
7005,1,A,2,
7006,1,C,4,
7007,1,C,2,
7008,3,,,
7009,3,,,
7010,1,C,4,
7011,1,B,3,
7012,3,,,
7013,1,A,1,
7014,1,C,4,
7015,2,,,3
7016,2,,,C
7017,1,C,4,
7018,1,D,2,
7019,1,B,2,
7020,3,,,
7021,1,D,4,
7022,1,D,3,
7023,1,A,3,
7024,1,E,E,
7025,1,C,2,
7026,1,B,3,
7027,1,E,E,
7028,3,,,
7029,3,,,
7030,1,C,4,
7031,1,B,1,
7032,3,,,
7033,1,C,4,
7034,3,,,
7035,3,,,
7036,1,D,3,
7037,1,E,E,
7038,3,,,
7039,1,B,1,
7040,1,E,E,
7041,3,,,
7042,1,E,E,
7043,1,B,3,
7044,2,,,C
7045,3,,,
7046,1,C,4,
7047,3,,,
7048,3,,,
7049,1,A,1,
7050,1,A,1,
7051,3,,,
7052,3,,,
7053,1,E,E,
7054,3,,,
7055,1,C,2,
7056,1,D,1,
7057,1,E,E,
7058,2,,,4
7059,1,A,3,
7060,3,,,
7061,1,C,2,
7062,1,C,3,
7063,1,C,1,
7064,2,,,3
7065,2,,,C
7066,1,A,3,
7067,1,E,E,
7068,3,,,
7069,1,C,4,
7070,1,E,E,
7071,3,,,
7072,1,A,1,
7073,1,A,2,
7074,3,,,
7075,1,E,E,
7076,1,D,4,
7077,3,,,
7078,1,A,4,
7079,2,,,4
7080,1,E,E,
7081,1,C,3,
7082,1,E,E,
7083,3,,,
7084,1,A,4,
7085,1,A,1,
7086,1,C,2,
7087,2,,,4
7088,3,,,
7089,1,E,E,
7090,1,A,4,
7091,1,B,4,
7092,1,E,E,
7093,1,A,3,
7094,2,,,C
7095,1,C,1,
7096,3,,,
7097,1,W,W,
7098,3,,,
7099,1,E,E,
7100,1,A,3,
7101,3,,,
7102,3,,,
7103,3,,,
7104,1,A,1,
7105,1,B,1,
7106,1,C,4,
7107,1,A,1,
7108,1,A,3,
7109,1,E,E,
7110,1,A,1,
7111,1,A,1,
7112,3,,,
7113,1,C,2,
7114,1,B,1,
7115,1,C,2,
7116,3,,,
7117,1,A,4,
7118,3,,,
7119,1,A,2,
7120,1,C,1,
7121,1,E,E,
7122,1,C,1,
7123,1,C,4,
7124,3,,,
7125,1,A,2,
7126,3,,,
7127,1,C,2,
7128,1,C,1,
7129,3,,,
7130,1,B,3,
7131,1,A,1,
7132,1,C,2,
7133,1,E,E,
7134,3,,,
7135,1,C,2,
7136,1,C,2,
7137,1,A,3,
7138,3,,,
7139,1,A,3,
7140,3,,,
7141,1,B,4,
7142,3,,,
7143,1,C,3,
7144,1,B,2,
7145,3,,,
7146,1,A,1,
7147,1,B,1,
7148,1,D,4,
7149,1,D,2,
7150,1,D,2,
7151,1,C,4,
7152,1,A,2,
7153,3,,,
7154,1,E,E,
7155,2,,,1
7156,3,,,
7157,3,,,
7158,3,,,
7159,1,A,1,
7160,3,,,
7161,3,,,
7162,1,B,3,
7163,1,C,2,
7164,3,,,
7165,1,A,4,
7166,2,,,C
7167,1,A,2,
7168,2,,,4
7169,1,A,4,
7170,3,,,
7171,1,E,E,
7172,1,W,W,
7173,2,,,4
7174,3,,,
7175,1,E,E,
7176,3,,,
7177,1,A,3,
7178,3,,,
7179,1,D,3,
7180,1,C,1,
7181,1,C,3,
7182,2,,,4
7183,1,C,1,
7184,1,C,4,
7185,1,E,E,
7186,1,A,4,
7187,1,D,3,
7188,1,E,E,
7189,3,,,
7190,1,A,2,
7191,3,,,
7192,3,,,
7193,1,D,2,
7194,1,C,1,
7195,2,,,C
7196,1,B,1,
7197,3,,,
7198,1,A,1,
7199,3,,,
7200,1,C,2,
7201,2,,,4
7202,3,,,
7203,3,,,
7204,1,A,1,
7205,1,A,1,
7206,1,E,E,
7207,1,D,4,
7208,3,,,
7209,1,B,3,
7210,3,,,
7211,3,,,
7212,3,,,
7213,3,,,
7214,3,,,
7215,3,,,
7216,1,C,1,
7217,1,E,E,
7218,3,,,
7219,1,E,E,
7220,1,C,4,
7221,2,,,1
7222,2,,,C
7223,3,,,
7224,1,C,2,
7225,1,E,E,
7226,3,,,
7227,3,,,
7228,3,,,
7229,3,,,
7230,3,,,
7231,3,,,
7232,3,,,
7233,1,C,3,
7234,1,E,E,
7235,1,E,E,
7236,3,,,
7237,3,,,
7238,2,,,C
7239,1,A,2,
7240,1,E,E,
7241,1,C,4,
7242,2,,,4
7243,1,W,W,
7244,2,,,2
7245,1,A,2,
7246,1,A,1,
7247,1,E,E,
7248,1,E,E,
7249,1,C,4,
7250,1,A,3,
7251,1,E,E,
7252,1,D,4,
7253,1,E,E,
7254,1,E,E,
7255,1,E,E,
7256,3,,,
7257,3,,,
7258,2,,,C
7259,3,,,
7260,3,,,
7261,3,,,
7262,1,C,4,
7263,3,,,
7264,3,,,
7265,3,,,
7266,3,,,
7267,1,C,1,
7268,1,C,3,
7269,1,B,1,
7270,1,E,E,
7271,1,E,E,
7272,1,C,1,
7273,1,D,2,
7274,1,E,E,
7275,3,,,
7276,1,B,1,
7277,2,,,4
7278,1,C,2,
7279,1,E,E,
7280,1,C,1,
7281,1,A,2,
7282,2,,,1
7283,3,,,
7284,1,C,4,
7285,1,C,4,
7286,1,A,2,
7287,1,E,E,
7288,1,C,4,
7289,1,E,E,
7290,3,,,
7291,1,C,3,
7292,3,,,
7293,1,C,1,
7294,1,C,3,
7295,1,D,4,
7296,1,C,1,
7297,3,,,
7298,1,C,2,
7299,2,,,4
7300,1,B,4,
7301,1,C,1,
7302,3,,,
7303,1,A,2,
7304,3,,,
7305,1,C,2,
7306,1,C,2,
7307,3,,,
7308,3,,,
7309,1,A,4,
7310,1,A,1,
7311,3,,,
7312,1,C,1,
7313,1,A,1,
7314,1,A,2,
7315,1,A,3,
7316,1,C,1,
7317,3,,,
7318,1,A,4,
7319,1,W,W,
7320,1,E,E,
7321,1,E,E,
7322,1,C,2,
7323,1,C,1,
7324,1,A,2,
7325,1,W,W,
7326,1,B,4,
7327,1,A,3,
7328,1,B,2,
7329,1,A,4,
7330,3,,,
7331,3,,,
7332,1,C,2,
7333,1,A,2,
7334,1,C,1,
7335,1,A,3,
7336,3,,,
7337,1,C,1,
7338,3,,,
7339,3,,,
7340,1,B,3,
7341,1,C,1,
7342,1,C,2,
7343,1,C,1,
7344,1,D,2,
7345,3,,,
7346,1,A,2,
7347,1,A,2,
7348,2,,,C
7349,1,C,2,
7350,3,,,
7351,1,E,E,
7352,3,,,
7353,1,C,4,
7354,1,E,E,
7355,1,D,1,
7356,1,B,2,
7357,2,,,4
7358,3,,,
7359,1,E,E,
7360,3,,,
7361,1,D,2,
7362,1,A,2,
7363,3,,,
7364,1,A,2,
7365,1,E,E,
7366,1,E,E,
7367,3,,,
7368,1,C,2,
7369,2,,,3
7370,1,C,4,
7371,3,,,
7372,1,C,2,
7373,1,D,3,
7374,1,E,E,
7375,3,,,
7376,1,A,3,
7377,1,C,2,
7378,1,D,3,
7379,1,B,2,
7380,3,,,
7381,1,E,E,
7382,3,,,
7383,1,C,4,
7384,1,C,3,
7385,3,,,
7386,1,D,2,
7387,1,C,1,
7388,1,C,3,
7389,1,D,2,
7390,1,D,4,
7391,1,D,4,
7392,3,,,
7393,1,E,E,
7394,3,,,
7395,3,,,
7396,1,E,E,
7397,2,,,2
7398,1,E,E,
7399,1,C,3,
7400,1,E,E,
7401,3,,,
7402,1,C,2,
7403,1,E,E,
7404,3,,,
7405,1,E,E,
7406,1,A,4,
7407,1,B,4,
7408,1,A,3,
7409,1,A,1,
7410,1,B,3,
7411,1,D,4,
7412,1,W,W,
7413,1,A,2,
7414,1,E,E,
7415,1,C,4,
7416,1,A,1,
7417,1,A,4,
7418,1,E,E,
7419,3,,,
7420,1,E,E,
7421,1,A,1,
7422,1,D,1,
7423,3,,,
7424,1,D,1,
7425,1,D,3,
7426,3,,,
7427,2,,,4
7428,1,E,E,
7429,1,b,3,
7430,1,A,2,
7431,1,B,2,
7432,1,E,E,
7433,1,C,4,
7434,1,B,3,
7435,1,C,2,
7436,1,E,E,
7437,1,E,E,
7438,1,B,1,
7439,2,,,C
7440,1,A,3,
7441,1,E,E,
7442,1,D,3,
7443,1,A,4,
7444,3,,,
